method,accuracy,DPD,EOD,OCF_violation,OCF_violation_ratio_spread,rho_AIAN_NH,TPR_AIAN_NH,FPR_AIAN_NH,PPV_AIAN_NH,pi_AIAN_NH,rho_Asian_NH,TPR_Asian_NH,FPR_Asian_NH,PPV_Asian_NH,pi_Asian_NH,rho_Black_NH,TPR_Black_NH,FPR_Black_NH,PPV_Black_NH,pi_Black_NH,rho_Hispanic,TPR_Hispanic,FPR_Hispanic,PPV_Hispanic,pi_Hispanic,rho_Other_NH,TPR_Other_NH,FPR_Other_NH,PPV_Other_NH,pi_Other_NH,rho_White_NH,TPR_White_NH,FPR_White_NH,PPV_White_NH,pi_White_NH,fold,model,auroc,brier
Unmitigated,0.660257061572851,0.19313833521714163,0.20173724733142892,0.34362276917324025,1.129391957837205,0.41627689429373244,0.5134615384615384,0.3242258652094718,0.6,0.4864359214218896,0.4857659286037054,0.6275229357798165,0.4394484412470024,0.31813953488372093,0.24627202892001807,0.4747878182725911,0.6066784869976359,0.3047619047619048,0.7195934104451455,0.5631552670993509,0.5153928444074647,0.6276276276276276,0.413855558071089,0.5784132841328413,0.4749791988589088,0.44622345979812045,0.5799540933435348,0.334610472541507,0.5912636505460218,0.4549251653324051,0.32225450919032306,0.4968119302313327,0.23771119391557347,0.503041297620318,0.3262951563816434,0,LogisticRegression,0.6878234259080229,0.20816878448936443
DP,0.6525731558626295,0.0007916074822242325,0.11650291195614934,0.2544646115609216,0.8363540243346997,0.3648269410664172,0.4576923076923077,0.2768670309653916,0.6102564102564103,0.4864359214218896,0.36556710347943966,0.4935779816513762,0.3237410071942446,0.33250927070457353,0.24627202892001807,0.36495257114328505,0.4872931442080378,0.20723809523809525,0.751937984496124,0.5631552670993509,0.36491144657078334,0.47097097097097096,0.26896083314466834,0.613029315960912,0.4749791988589088,0.3647754959972154,0.49885233358837033,0.25287356321839083,0.6221374045801527,0.4549251653324051,0.36493062122801284,0.5461347947515414,0.2771680873870655,0.4883151149641915,0.3262951563816434,0,LogisticRegression,0.6878234259080229,0.20816878448936443
EO,0.6023039016460069,0.11351650036618521,0.09406760361767197,0.2930113221823068,0.9630462836445659,0.5640785781103835,0.675,0.45901639344262296,0.582089552238806,0.4864359214218896,0.5097153185720741,0.655045871559633,0.46223021582733814,0.31648936170212766,0.24627202892001807,0.6232318189382593,0.749113475177305,0.46095238095238095,0.6769025367156208,0.5631552670993509,0.5622251277784381,0.6719219219219219,0.4629839257414535,0.5676532769556025,0.4749791988589088,0.5788374521406195,0.7176740627390972,0.46296296296296297,0.5640408899579074,0.4549251653324051,0.5466221908904899,0.7204510723507404,0.46243172885508654,0.43005882167909154,0.3262951563816434,0,LogisticRegression,0.6878234259080229,0.20816878448936443
Calibration,0.6854297906929486,0.5612943741489738,0.6699731060359597,0.30302094982188454,1.0437367678193366,0.5416276894293732,0.6519230769230769,0.4371584699453552,0.5854922279792746,0.4864359214218896,0.01717126073203796,0.04220183486238532,0.008992805755395683,0.6052631578947368,0.24627202892001807,0.5784656348810118,0.7121749408983451,0.4060952380952381,0.693325661680092,0.5631552670993509,0.3914180435041008,0.5027527527527528,0.29069504188363143,0.610081992104464,0.4749791988589088,0.37104072398190047,0.5080336648814078,0.2567049808429119,0.6228893058161351,0.4549251653324051,0.13537027803091525,0.247562839226432,0.08103210657955183,0.5967229772640671,0.3262951563816434,0,LogisticRegression,0.6878234259080229,0.20816878448936443
OCF,0.6636354399512294,0.31688323817933284,0.33812382067798813,0.0002513070519488719,0.0006850397850028944,0.4864359214218896,0.5923076923076923,0.3861566484517304,0.5923076923076923,0.4864359214218896,0.24627202892001807,0.3577981651376147,0.20983213429256595,0.3577981651376147,0.24627202892001807,0.5631552670993509,0.6959219858156028,0.392,0.6959219858156028,0.5631552670993509,0.4750980625222869,0.5873373373373373,0.3735567127009282,0.587190392794596,0.4749791988589088,0.4549251653324051,0.586840091813313,0.3448275862068966,0.586840091813313,0.4549251653324051,0.3265186815454186,0.5017652948305844,0.2416415701087234,0.5014218009478673,0.3262951563816434,0,LogisticRegression,0.6878234259080229,0.20816878448936443
Unmitigated,0.6611672064520226,0.2016892495208597,0.21089442090295973,0.3517706283122758,1.1486107770773422,0.43766816143497755,0.5477477477477477,0.32857142857142857,0.6229508196721312,0.4977578475336323,0.49031365313653136,0.6273408239700374,0.4455324357405141,0.31514581373471307,0.246309963099631,0.46980656013456684,0.6014470907446487,0.3036529680365297,0.7142857142857143,0.5579478553406224,0.5223529411764706,0.6290322580645161,0.4261744966442953,0.5709459459459459,0.47411764705882353,0.4501347708894879,0.5825892857142857,0.34051724137931033,0.5860778443113772,0.4528301886792453,0.32066369165561087,0.4981265502137316,0.23463801483755437,0.5071731771532965,0.3264873619462775,1,LogisticRegression,0.6887450891113575,0.20802524098786015
DP,0.654486568870261,0.00017801445990339726,0.11255819542484755,0.2533880201868209,0.8273692780015336,0.3650224215246637,0.47387387387387386,0.2571428571428571,0.6461916461916462,0.4977578475336323,0.36485239852398527,0.49063670411985016,0.3237454100367197,0.33122629582806573,0.246309963099631,0.3648444070647603,0.48658426288815193,0.21118721461187215,0.7441217150760719,0.5579478553406224,0.3649411764705882,0.4660049627791563,0.2738255033557047,0.6054158607350096,0.47411764705882353,0.3648921832884097,0.48586309523809523,0.2647783251231527,0.602954755309326,0.4528301886792453,0.3649787212047072,0.5520080215314792,0.27431568176004095,0.4937921918519568,0.3264873619462775,1,LogisticRegression,0.6887450891113575,0.20802524098786015
EO,0.622823394932368,0.10487626427988411,0.08582558387060235,0.2586023980090085,0.8443954026414828,0.526457399103139,0.6486486486486487,0.40535714285714286,0.6132879045996593,0.4977578475336323,0.45525830258302585,0.601123595505618,0.40758873929008566,0.3252279635258359,0.246309963099631,0.56013456686291,0.6840518540850166,0.4037290715372907,0.6813813813813814,0.5579478553406224,0.5028235294117647,0.6116625310173698,0.4046979865771812,0.5767430978006551,0.47411764705882353,0.5192048517520216,0.6607142857142857,0.4020935960591133,0.5762491888384166,0.4528301886792453,0.49775151191440237,0.6869491793762204,0.4060373497058071,0.45058672851258263,0.3264873619462775,1,LogisticRegression,0.6887450891113575,0.20802524098786015
Calibration,0.6837111830824919,0.5055214038687472,0.5921145864966091,0.2834439491563373,0.9597833788845025,0.5327354260089686,0.6576576576576577,0.4089285714285714,0.6144781144781145,0.4977578475336323,0.0272140221402214,0.06554307116104868,0.014687882496940025,0.5932203389830508,0.246309963099631,0.48814129520605554,0.620440156768164,0.3211567732115677,0.7091660923501034,0.5579478553406224,0.33458823529411763,0.43622828784119105,0.24295302013422818,0.6181434599156118,0.47411764705882353,0.44305929919137466,0.5758928571428571,0.333128078817734,0.5885931558935361,0.4528301886792453,0.13125656885887077,0.24217636814607632,0.07748784855461754,0.6023890784982935,0.3264873619462775,1,LogisticRegression,0.6887450891113575,0.20802524098786015
OCF,0.6639486886391058,0.3111766376284453,0.31847174751789387,0.0011399185281446432,0.002481389578163684,0.4977578475336323,0.6162162162162163,0.38035714285714284,0.6162162162162163,0.4977578475336323,0.2467712177121771,0.3595505617977528,0.20991432068543453,0.35887850467289717,0.246309963099631,0.5579478553406224,0.6780223093156467,0.4063926940639269,0.6780223093156467,0.5579478553406224,0.4752941176470588,0.5811414392059553,0.37986577181208053,0.5797029702970297,0.47411764705882353,0.4528301886792453,0.5848214285714286,0.3435960591133005,0.5848214285714286,0.4528301886792453,0.3264873619462775,0.5063064013932134,0.23931951905858276,0.5063064013932134,0.3264873619462775,1,LogisticRegression,0.6887450891113575,0.20802524098786015
Unmitigated,0.6606718740077475,0.18378236751773935,0.17433690902301283,0.3175156749897935,1.052657373961903,0.4279513888888889,0.5553602811950791,0.30360205831903947,0.640973630831643,0.4939236111111111,0.4622467771639042,0.6120527306967984,0.4137720901889092,0.3237051792828685,0.24447513812154695,0.4743993371996686,0.5995316159250585,0.31118747613592973,0.7153335661893119,0.5660314830157415,0.5072738024837374,0.6237100427888246,0.4040606871932173,0.57775705292609,0.46989946777055,0.4552186177715092,0.6001517450682853,0.32938076416337286,0.6127033307513555,0.46473906911142454,0.3234914349659981,0.4974632702674136,0.23943518116589638,0.5009579563597658,0.3257639666006714,2,LogisticRegression,0.6876871266798188,0.20835603607323133
DP,0.6530640756969581,0.0005179558011049745,0.1076321048616041,0.256024181604608,0.8487950797620151,0.3645833333333333,0.4868189806678383,0.24528301886792453,0.6595238095238095,0.4939236111111111,0.3651012891344383,0.504708097928437,0.31992687385740404,0.3379571248423707,0.24447513812154695,0.3648715824357912,0.4818501170960187,0.21229476899579994,0.7475022706630337,0.5660314830157415,0.3649911295091662,0.47143216712811475,0.2706381079875056,0.6069345430978613,0.46989946777055,0.364950634696756,0.4954476479514416,0.2516469038208169,0.6309178743961352,0.46473906911142454,0.36489627270379615,0.5472465912694219,0.27679186987718,0.4885586223165841,0.3257639666006714,2,LogisticRegression,0.6876871266798188,0.20835603607323133
EO,0.6243728964247158,0.115350449572094,0.08592719759015954,0.25348693102367253,0.8403833516364775,0.5321180555555556,0.6695957820738138,0.3979416809605489,0.6215334420880914,0.4939236111111111,0.44935543278084716,0.6064030131826742,0.39853747714808047,0.32991803278688525,0.24447513812154695,0.5647058823529412,0.6923302107728337,0.39824360442917145,0.6939553990610329,0.5660314830157415,0.5019515079834418,0.617669267556003,0.39937527889335117,0.5782280867106503,0.46989946777055,0.5239774330042313,0.6699544764795144,0.39723320158102765,0.5942126514131898,0.46473906911142454,0.4879917362486012,0.6715991967022513,0.3992799325894339,0.4483330393367437,0.3257639666006714,2,LogisticRegression,0.6876871266798188,0.20835603607323133
Calibration,0.6836984822505874,0.5670790096444772,0.6792258211055099,0.2973502033553538,0.9858029346776221,0.4861111111111111,0.6203866432337434,0.35506003430531735,0.6303571428571428,0.4939236111111111,0.006906077348066298,0.02071563088512241,0.002437538086532602,0.7333333333333333,0.24447513812154695,0.5739850869925435,0.6999414519906323,0.4096983581519664,0.690242494226328,0.5660314830157415,0.3774098166765228,0.48829599798640827,0.2791164658634538,0.6079598871827013,0.46989946777055,0.4643864598025388,0.6115326251896813,0.33662714097496704,0.6119969627942293,0.46473906911142454,0.1458552121890333,0.2600676461262023,0.09067231825958175,0.5808545797922569,0.3257639666006714,2,LogisticRegression,0.6876871266798188,0.20835603607323133
OCF,0.6636184670095892,0.3217220449770446,0.34681922227073664,0.00013641259143474982,0.0002927400468384356,0.4939236111111111,0.6239015817223199,0.3670668953687822,0.6239015817223199,0.4939236111111111,0.24447513812154695,0.3446327683615819,0.21206581352833637,0.3446327683615819,0.24447513812154695,0.5661971830985916,0.6914519906323185,0.4028255059182894,0.691249634182031,0.5660314830157415,0.46989946777055,0.5831865089353133,0.36947791164658633,0.5831865089353133,0.46989946777055,0.46473906911142454,0.6115326251896813,0.3372859025032938,0.6115326251896813,0.46473906911142454,0.3257639666006714,0.5001585456082867,0.24150345989837346,0.5001585456082867,0.3257639666006714,2,LogisticRegression,0.6876871266798188,0.20835603607323133
Unmitigated,0.6609893948053598,0.19735035409397222,0.1833620765503848,0.3256910232663996,1.0837846189059281,0.4252039891205802,0.5485074626865671,0.30864197530864196,0.6268656716417911,0.485947416137806,0.46420215255030417,0.5972762645914397,0.42205791743684534,0.3094758064516129,0.24052409920449228,0.47373620945167133,0.6082352941176471,0.30265619154508044,0.718804310045186,0.5598550963280092,0.5189073124179888,0.6335839598997494,0.41475073981333943,0.5811494252873564,0.47596325897650005,0.46413793103448275,0.6378132118451025,0.31964624131396085,0.6240713224368499,0.45413793103448274,0.3215569583240166,0.49262070419565673,0.23869584088646054,0.4999197646429527,0.32632140215689986,3,LogisticRegression,0.6858502326930904,0.20864446633192185
DP,0.6511589509112847,0.0006380197828086409,0.12053028401354549,0.2607520140191664,0.867690547035935,0.3653671804170444,0.4664179104477612,0.2698412698412698,0.6203473945409429,0.485947416137806,0.3654656059897052,0.48443579766536965,0.32778804682686385,0.31882202304737517,0.24052409920449228,0.3648937921949613,0.4888235294117647,0.20725776281331837,0.75,0.5598550963280092,0.3649051652153167,0.4731829573934837,0.26656043705895743,0.6171951618175875,0.47596325897650005,0.36482758620689654,0.5155656795747912,0.23941882501579279,0.6417769376181475,0.45413793103448274,0.3651593594661071,0.5416930212945393,0.27964868384098857,0.48407913330193125,0.32632140215689986,3,LogisticRegression,0.6858502326930904,0.20864446633192185
EO,0.5676255794754557,0.09762481910734944,0.07372314746697628,0.3774491569401616,1.2560173952849623,0.6563916591115141,0.7574626865671642,0.5608465608465608,0.5607734806629834,0.485947416137806,0.6031820308844174,0.7470817120622568,0.5576093653727665,0.2979053529868115,0.24052409920449228,0.7008068499917668,0.8126470588235294,0.5585484474373363,0.6492011278195489,0.5598550963280092,0.6566861505427651,0.7631578947368421,0.559981789210107,0.553133514986376,0.47596325897650005,0.676896551724138,0.8208048595292331,0.5571699305116866,0.5506877228731534,0.45413793103448274,0.6321574158482258,0.78584229390681,0.5577144024306177,0.40565396022093436,0.32632140215689986,3,LogisticRegression,0.6858502326930904,0.20864446633192185
Calibration,0.6852098812472217,0.5709135790635245,0.6995250629434653,0.3061150534673721,1.0186427100022888,0.42611060743427015,0.5503731343283582,0.30864197530864196,0.6276595744680851,0.485947416137806,0.0004679457182966776,0.0019455252918287938,0.0,1.0,0.24052409920449228,0.5713815247818211,0.7014705882352941,0.405910961466517,0.6873198847262247,0.5598550963280092,0.44769175712751996,0.5634085213032581,0.3425904848622809,0.5989874766853184,0.47596325897650005,0.45517241379310347,0.6317388003037205,0.30827542640555905,0.6303030303030303,0.45413793103448274,0.12762517415160218,0.2333965844402277,0.0763908392269002,0.5967654986522911,0.32632140215689986,3,LogisticRegression,0.6858502326930904,0.20864446633192185
OCF,0.6639486886391058,0.319330997123517,0.33444380865186535,0.0001151640504763377,0.00025062656641616776,0.485947416137806,0.6044776119402985,0.37389770723104054,0.6044776119402985,0.485947416137806,0.24052409920449228,0.3540856031128405,0.20455945779420825,0.3540856031128405,0.24052409920449228,0.5598550963280092,0.6885294117647058,0.3961840628507295,0.6885294117647058,0.5598550963280092,0.47608254801383754,0.5912280701754385,0.3715001138174368,0.5910799298421449,0.47596325897650005,0.45413793103448274,0.6302201974183751,0.3076437144662034,0.6302201974183751,0.45413793103448274,0.32635580247338275,0.4988931056293485,0.24278091250287231,0.49884051860440604,0.32632140215689986,3,LogisticRegression,0.6858502326930904,0.20864446633192185
Unmitigated,0.6619800596939099,0.20525728606632904,0.21207456125515206,0.3424563175750579,1.1276263137713718,0.4176013805004314,0.5491949910554562,0.295,0.6342975206611571,0.4823123382226057,0.48785046728971965,0.6148007590132827,0.4463732176069436,0.3103448275862069,0.24626168224299066,0.4818447771467906,0.6022554099359951,0.3256916996047431,0.7057142857142857,0.5646188263637928,0.5253649198372816,0.6426403641881638,0.42007266121707537,0.578683671145525,0.47307968413496054,0.4563505648750428,0.5920471281296024,0.3384516954574536,0.6031507876969242,0.46490927764464224,0.3201076337709526,0.49711286089238843,0.23429865635179153,0.507040745301708,0.32650053131320056,4,LogisticRegression,0.6883258428912649,0.2080052030405242
DP,0.652619546580301,0.00014447028477865276,0.11259945747128688,0.2538384449308442,0.83582896638515,0.36496980155306297,0.4865831842576029,0.25166666666666665,0.6430260047281324,0.4823123382226057,0.3649532710280374,0.47438330170777987,0.3292002479851209,0.3201024327784891,0.24626168224299066,0.3648253312682843,0.4791222188357208,0.216600790513834,0.7415094339622641,0.5646188263637928,0.36491983728164634,0.47546788062721296,0.2656675749318801,0.6163934426229508,0.47307968413496054,0.36494351249572066,0.4955817378497791,0.2514395393474088,0.6313320825515948,0.46490927764464224,0.36489219483769236,0.5462992125984252,0.2769493078175896,0.48882104274307187,0.32650053131320056,4,LogisticRegression,0.6883258428912649,0.2080052030405242
EO,0.6369213183463517,0.11144381345723631,0.1015438250484344,0.21819601945309092,0.7184670291315589,0.4883520276100086,0.627906976744186,0.35833333333333334,0.6201413427561837,0.4823123382226057,0.4,0.5332068311195446,0.356478611283323,0.3282710280373832,0.24626168224299066,0.5114438134572363,0.6312099969521487,0.35612648221343873,0.6968371467025573,0.5646188263637928,0.46554199569274946,0.5859888720283257,0.35740236148955495,0.5954767411976356,0.47307968413496054,0.4762067785005135,0.6163475699558174,0.3544465770953295,0.601725377426312,0.46490927764464224,0.4469886538922977,0.634750656167979,0.35596498371335505,0.46365030674846625,0.32650053131320056,4,LogisticRegression,0.6883258428912649,0.2080052030405242
Calibration,0.6843589255096209,0.6043879879763967,0.695903097993334,0.3124153991925844,1.0287087925593104,0.45901639344262296,0.5974955277280859,0.33,0.6278195488721805,0.4823123382226057,0.01822429906542056,0.03984819734345351,0.011159330440173589,0.5384615384615384,0.24626168224299066,0.6226122870418173,0.7357512953367875,0.4758893280632411,0.6672194582642343,0.5646188263637928,0.4233070112467097,0.543247344461305,0.315622161671208,0.6071226681741096,0.47307968413496054,0.38959260527216705,0.5257731958762887,0.2712731925783749,0.6274165202108963,0.46490927764464224,0.13916978027628285,0.25196850393700787,0.08448697068403908,0.5911330049261084,0.32650053131320056,4,LogisticRegression,0.6883258428912649,0.2080052030405242
OCF,0.6646599352257573,0.31852923154121165,0.33614849917904654,0.0001404119317686454,0.0003047851264856849,0.4823123382226057,0.6153846153846154,0.35833333333333334,0.6153846153846154,0.4823123382226057,0.24626168224299066,0.34535104364326374,0.2138871667699938,0.34535104364326374,0.24626168224299066,0.5647909137842023,0.6814995428223103,0.4134387351778656,0.6812918951858623,0.5646188263637928,0.47307968413496054,0.593829033889732,0.36466848319709355,0.593829033889732,0.47307968413496054,0.46490927764464224,0.6023564064801178,0.345489443378119,0.6023564064801178,0.46490927764464224,0.32653480958420456,0.503989501312336,0.24050793973941367,0.5039365945832458,0.32650053131320056,4,LogisticRegression,0.6883258428912649,0.2080052030405242
Unmitigated,0.6662009754115017,0.21817598213868616,0.22061857430496828,0.36331894786241475,1.194127789706552,0.4284377923292797,0.5307692307692308,0.331511839708561,0.6026200873362445,0.4864359214218896,0.49887031179394487,0.6440366972477064,0.45143884892086333,0.3179347826086957,0.24627202892001807,0.46829755366949577,0.6063829787234043,0.29028571428571426,0.7292110874200426,0.5631552670993509,0.5370260311422798,0.6611611611611612,0.4247226624405705,0.584772023019035,0.4749791988589088,0.4507483466759485,0.5883703136954859,0.33588761174968074,0.5938223938223938,0.4549251653324051,0.3188500490035936,0.5006059967328872,0.23082027461589505,0.5122950819672131,0.3262951563816434,0,RandomForest,0.6949132899527659,0.20645495282345339
DP,0.6568913838650681,0.007117861436132966,0.13109146968139776,0.2621904178963468,0.8617465894549635,0.3648269410664172,0.45,0.28415300546448086,0.6,0.4864359214218896,0.3718933574333484,0.5119266055045871,0.3261390887290168,0.33900364520048604,0.24627202892001807,0.3651189881843901,0.49704491725768324,0.19504761904761905,0.7666362807657247,0.5631552670993509,0.36491144657078334,0.484984984984985,0.2562825447136065,0.6312703583061889,0.4749791988589088,0.3647754959972154,0.49196633511859217,0.25862068965517243,0.6135496183206107,0.4549251653324051,0.3648790384979109,0.5508773778784845,0.2747945485171763,0.4926252297252721,0.3262951563816434,0,RandomForest,0.6949132899527659,0.20645495282345339
EO,0.6090987604145499,0.11623015845263585,0.10146886589888737,0.2852625847311544,0.9375783503589479,0.5603367633302152,0.6692307692307692,0.45719489981785066,0.5809682804674458,0.4864359214218896,0.5006778129236331,0.6458715596330276,0.45323741007194246,0.3176895306859206,0.24627202892001807,0.616907971376269,0.7473404255319149,0.44876190476190475,0.6822228216886971,0.5631552670993509,0.5594912635207417,0.6811811811811812,0.44940004527960153,0.5782876566815381,0.4749791988589088,0.5635224504002785,0.7016067329762815,0.4482758620689655,0.5663990117356393,0.4549251653324051,0.5384377310476453,0.718501343731886,0.45122760451227606,0.4354143381765927,0.3262951563816434,0,RandomForest,0.6949132899527659,0.20645495282345339
Calibration,0.6883636456004877,0.5687138820312986,0.6885554254234715,0.2990903774588268,1.0138320395201128,0.5163704396632367,0.6326923076923077,0.40619307832422585,0.5960144927536232,0.4864359214218896,0.01174875734297334,0.025688073394495414,0.007194244604316547,0.5384615384615384,0.24627202892001807,0.5804626393742719,0.7142434988179669,0.408,0.692947247706422,0.5631552670993509,0.3895162248900511,0.516016016016016,0.2750735793525017,0.6292340555386023,0.4749791988589088,0.42673163940132264,0.566947207345065,0.30970625798212004,0.6044045676998369,0.4549251653324051,0.1247442356299111,0.23423091110291405,0.0717166045633199,0.6126809097174363,0.3262951563816434,0,RandomForest,0.6949132899527659,0.20645495282345339
OCF,0.6691983336720179,0.31417198648480055,0.3255134795150411,0.0033495926168321407,0.011009174311926717,0.4864359214218896,0.5942307692307692,0.3843351548269581,0.5942307692307692,0.4864359214218896,0.24898328061455038,0.3724770642201835,0.20863309352517986,0.3684210526315789,0.24627202892001807,0.5631552670993509,0.6979905437352246,0.3893333333333333,0.6979905437352246,0.5631552670993509,0.4749791988589088,0.5993493493493494,0.3624632103237492,0.5993493493493494,0.4749791988589088,0.4549251653324051,0.5929609793420046,0.3397190293742018,0.5929609793420046,0.4549251653324051,0.3262951563816434,0.5093007324656162,0.2376601500689092,0.5093007324656162,0.3262951563816434,0,RandomForest,0.6949132899527659,0.20645495282345339
Unmitigated,0.6645583285705213,0.22874888589112996,0.23258979607364982,0.37293746123786947,1.2177252808424204,0.4591928251121076,0.5837837837837838,0.3357142857142857,0.6328125,0.4977578475336323,0.5083025830258303,0.653558052434457,0.46083231334149327,0.31669691470054445,0.246309963099631,0.4719932716568545,0.6074766355140186,0.3009893455098935,0.718104062722737,0.5579478553406224,0.5445882352941176,0.6568238213399503,0.44340044742729307,0.5718297688485634,0.47411764705882353,0.45619946091644203,0.5818452380952381,0.3522167487684729,0.5775480059084195,0.4528301886792453,0.31583934940298763,0.49654335321125126,0.22824251726784345,0.5132835088102122,0.3264873619462775,1,RandomForest,0.6963418516270442,0.20634330419326924
DP,0.6573188543849622,0.0005305993964123679,0.11828179347167961,0.2533880201868209,0.8273692780015336,0.3650224215246637,0.4756756756756757,0.25535714285714284,0.6486486486486487,0.4977578475336323,0.36485239852398527,0.4812734082397004,0.3268053855569155,0.324905183312263,0.246309963099631,0.3648444070647603,0.48869460355743144,0.2085235920852359,0.7473490087597972,0.5579478553406224,0.3649411764705882,0.4759305210918114,0.26487695749440715,0.6183107672469375,0.47411764705882353,0.3648921832884097,0.484375,0.2660098522167488,0.6011080332409973,0.4528301886792453,0.36537500646117266,0.5563354266715922,0.27280634433358913,0.4971234556257663,0.3264873619462775,1,RandomForest,0.6963418516270442,0.20634330419326924
EO,0.5792722423318727,0.09330804514941704,0.05865151936510837,0.35592684603525954,1.1621817693213603,0.6457399103139013,0.7549549549549549,0.5375,0.5819444444444445,0.4977578475336323,0.5862546125461254,0.7359550561797753,0.5373317013463892,0.3092053501180173,0.246309963099631,0.6795626576955425,0.791980705456738,0.5376712328767124,0.6502475247524753,0.5579478553406224,0.638,0.7491315136476426,0.537807606263982,0.5567029319564817,0.47411764705882353,0.6404986522911051,0.7663690476190477,0.5363300492610837,0.5418200946870069,0.4528301886792453,0.6225469081135099,0.7946065755448837,0.5391404451266308,0.4167220192627034,0.3264873619462775,1,RandomForest,0.6963418516270442,0.20634330419326924
Calibration,0.6861878453038674,0.5136410329620538,0.6041942597378842,0.25759213175743206,0.8410966545059555,0.4860986547085202,0.6144144144144145,0.35892857142857143,0.6291512915129152,0.4977578475336323,0.03505535055350553,0.07865168539325842,0.0208078335373317,0.5526315789473685,0.246309963099631,0.5486963835155593,0.6828459451311426,0.3793759512937595,0.6943592887798896,0.5579478553406224,0.40352941176470586,0.5203473945409429,0.2982102908277405,0.6113702623906706,0.47411764705882353,0.40869272237196763,0.5379464285714286,0.3017241379310345,0.596042868920033,0.4528301886792453,0.1349782043108944,0.24914243495698982,0.07963673573804042,0.6026295634414093,0.3264873619462775,1,RandomForest,0.6963418516270442,0.20634330419326924
OCF,0.6672255032704643,0.3107153830158992,0.33307024645481964,0.0011470317154606163,0.0037453183520599342,0.4977578475336323,0.6198198198198198,0.3767857142857143,0.6198198198198198,0.4977578475336323,0.24723247232472326,0.35580524344569286,0.211750305997552,0.35447761194029853,0.246309963099631,0.5579478553406224,0.6888754899005125,0.3926940639269406,0.6888754899005125,0.5579478553406224,0.4743529411764706,0.5893300248138957,0.37069351230425057,0.5890376984126984,0.47411764705882353,0.4528301886792453,0.578125,0.34913793103448276,0.578125,0.4528301886792453,0.3269525663777805,0.5104754868330783,0.23798925556408287,0.5097491568296796,0.3264873619462775,1,RandomForest,0.6963418516270442,0.20634330419326924
Unmitigated,0.6641265002857687,0.21858591685435003,0.19794150201170105,0.32579508049341044,1.080106025924309,0.4383680555555556,0.5746924428822495,0.3053173241852487,0.6475247524752475,0.4939236111111111,0.4673112338858195,0.615819209039548,0.4192565508836076,0.3221674876847291,0.24447513812154695,0.47058823529411764,0.6065573770491803,0.293241695303551,0.7295774647887324,0.5660314830157415,0.5376700177409817,0.6574377045054115,0.4315037929495761,0.5745710514738231,0.46989946777055,0.45486600846262343,0.5933232169954477,0.3346508563899868,0.6062015503875969,0.46473906911142454,0.31908410088663164,0.4960892083289293,0.23356229093787503,0.5064745872450631,0.3257639666006714,2,RandomForest,0.6956480760614968,0.20642160626192052
DP,0.6560741728583223,0.0018991712707182584,0.11473251649282104,0.25772832002074536,0.8544447972761394,0.3645833333333333,0.4991212653778559,0.2332761578044597,0.6761904761904762,0.4939236111111111,0.3664825046040516,0.5084745762711864,0.32053625837903715,0.3391959798994975,0.24447513812154695,0.3648715824357912,0.4868266978922717,0.2058037418862161,0.7552225249772934,0.5660314830157415,0.3648728562980485,0.4812484268814498,0.2617135207496653,0.6197730956239871,0.46989946777055,0.364950634696756,0.4992412746585736,0.24835309617918314,0.6357487922705314,0.46473906911142454,0.36487905655504865,0.5498361695381038,0.2755151546102188,0.4908936491459847,0.3257639666006714,2,RandomForest,0.6956480760614968,0.20642160626192052
EO,0.6048136152918017,0.10780110192080883,0.07098973700807554,0.3062377308523171,1.0152676889965027,0.5954861111111112,0.7240773286467487,0.4699828473413379,0.6005830903790087,0.4939236111111111,0.5188766114180479,0.6760828625235404,0.4680073126142596,0.318544809228039,0.24447513812154695,0.6266777133388567,0.747072599531616,0.46964490263459335,0.6747752511898466,0.5660314830157415,0.5740981667652276,0.6936823559023408,0.4680946006247211,0.5677791512154924,0.46989946777055,0.5930888575458392,0.7321699544764795,0.4723320158102767,0.5737217598097503,0.46473906911142454,0.5554790393388999,0.7378184124299757,0.4673799249291423,0.43269796993646364,0.3257639666006714,2,RandomForest,0.6956480760614968,0.20642160626192052
Calibration,0.6858322220105417,0.5636526340362618,0.6656627502348537,0.2990316216809423,1.0565529007312913,0.4574652777777778,0.5957820738137083,0.32246998284734135,0.6432637571157496,0.4939236111111111,0.013812154696132596,0.03954802259887006,0.005484460694698354,0.7,0.24447513812154695,0.5774647887323944,0.7052107728337237,0.4108438335242459,0.6912482065997131,0.5660314830157415,0.3893554109994086,0.5109489051094891,0.2815707273538599,0.6166464155528554,0.46989946777055,0.517277856135402,0.6684370257966616,0.38603425559947296,0.6005453306066802,0.46473906911142454,0.1412068520272015,0.25462424690836066,0.08640808926793146,0.5874177029992684,0.3257639666006714,2,RandomForest,0.6956480760614968,0.20642160626192052
OCF,0.6660951292309646,0.3217220449770446,0.33727622752351843,0.00014662122374367603,0.00042278828876440855,0.4939236111111111,0.6274165202108963,0.36363636363636365,0.6274165202108963,0.4939236111111111,0.24447513812154695,0.3559322033898305,0.20840950639853748,0.3559322033898305,0.24447513812154695,0.5661971830985916,0.6932084309133489,0.40053455517373043,0.6930055604331284,0.5660314830157415,0.47001774098166765,0.5897306821042033,0.3639000446229362,0.589582284851535,0.46989946777055,0.46473906911142454,0.6047040971168437,0.3432147562582345,0.6047040971168437,0.46473906911142454,0.32590169579065165,0.5039107916710707,0.2398947986620024,0.5036978341257263,0.3257639666006714,2,RandomForest,0.6956480760614968,0.20642160626192052
Unmitigated,0.6655108909633581,0.22892376722236113,0.20878760445048167,0.3468269902370923,1.1541176470588237,0.4551223934723481,0.5708955223880597,0.345679012345679,0.6095617529880478,0.485947416137806,0.48104819840898455,0.6108949416342413,0.4399260628465804,0.30544747081712065,0.24052409920449228,0.4735715461880454,0.6147058823529412,0.2940516273849607,0.7267037552155772,0.5598550963280092,0.5453894787069068,0.6681704260651629,0.4338720692010016,0.5831146106736658,0.47596325897650005,0.46620689655172415,0.6370539104024298,0.3240682248894504,0.6205621301775148,0.45413793103448274,0.31646571148454566,0.49262070419565673,0.23113845839609876,0.5079623892602859,0.32632140215689986,3,RandomForest,0.6948572273175526,0.20661514777743178
DP,0.6561757795135581,0.0005395942101478757,0.1227970815155042,0.2601673589945122,0.8657450217441062,0.3653671804170444,0.46828358208955223,0.26807760141093473,0.6228287841191067,0.485947416137806,0.3649976602714085,0.4883268482490272,0.325939617991374,0.3217948717948718,0.24052409920449228,0.3648937921949613,0.49205882352941177,0.2031425364758698,0.7549638989169675,0.5598550963280092,0.3649051652153167,0.48370927318295737,0.25699977236512633,0.6309251389342923,0.47596325897650005,0.36482758620689654,0.5239179954441914,0.2324699936828806,0.6521739130434783,0.45413793103448274,0.3648841569342438,0.548123550495467,0.27612530957183345,0.49019515414349013,0.32632140215689986,3,RandomForest,0.6948572273175526,0.20661514777743178
EO,0.5729218263796279,0.09817929587152907,0.07557412938851116,0.3758176255066557,1.2505882352941178,0.657298277425204,0.7649253731343284,0.5555555555555556,0.5655172413793104,0.485947416137806,0.6013102480112307,0.7490272373540856,0.5545286506469501,0.29961089494163423,0.24052409920449228,0.6994895438827597,0.8138235294117647,0.5540591096146652,0.6513653483992468,0.5598550963280092,0.6575211738041274,0.768922305764411,0.5563396312315046,0.5566037735849056,0.47596325897650005,0.6772413793103448,0.8246013667425968,0.5546430827542641,0.5529531568228105,0.45413793103448274,0.6335678288240252,0.7969639468690702,0.5544208134398856,0.41047916383874034,0.32632140215689986,3,RandomForest,0.6948572273175526,0.20661514777743178
Calibration,0.6887534133485743,0.5819468653146198,0.7081918059052414,0.30570132405874895,1.0172659647516593,0.4587488667271079,0.5764925373134329,0.3474426807760141,0.6106719367588933,0.485947416137806,0.009358914365933552,0.019455252918287938,0.0061614294516327784,0.5,0.24052409920449228,0.5913057796805533,0.7276470588235294,0.4178825289936401,0.6889445836814257,0.5598550963280092,0.44781104616485745,0.5736842105263158,0.3334850899157751,0.6097496004262121,0.47596325897650005,0.3917241379310345,0.5611237661351557,0.25078963992419456,0.6505281690140845,0.45413793103448274,0.14836856499079792,0.26918616909129245,0.08984604386345649,0.5920472988638998,0.32632140215689986,3,RandomForest,0.6948572273175526,0.20661514777743178
OCF,0.6680129548485426,0.319330997123517,0.3465701533531701,0.0001151640504763377,0.00025062656641616776,0.485947416137806,0.5970149253731343,0.38095238095238093,0.5970149253731343,0.485947416137806,0.24052409920449228,0.35019455252918286,0.20579174368453482,0.35019455252918286,0.24052409920449228,0.5598550963280092,0.696764705882353,0.38570894126449684,0.696764705882353,0.5598550963280092,0.47608254801383754,0.5994987468671679,0.36398816298656955,0.5993485342019544,0.47596325897650005,0.45413793103448274,0.6256643887623387,0.31143398610233736,0.6256643887623387,0.45413793103448274,0.32632140215689986,0.5046911237613325,0.23992136237138406,0.5046911237613325,0.32632140215689986,3,RandomForest,0.6948572273175526,0.20661514777743178
Unmitigated,0.6646726360576618,0.23160733913284937,0.21657883649945173,0.3457168963320063,1.138362615646292,0.4426229508196721,0.5778175313059034,0.31666666666666665,0.6296296296296297,0.4823123382226057,0.4883177570093458,0.6166982922201139,0.4463732176069436,0.31100478468899523,0.24626168224299066,0.4768542419549131,0.6074367570862542,0.3075098814229249,0.7192349332370985,0.5646188263637928,0.5477386934673367,0.6697015680323722,0.43823796548592187,0.5784185233726518,0.47307968413496054,0.4714138993495378,0.6067746686303387,0.35380678182981445,0.59840232389252,0.46490927764464224,0.31613135433448736,0.4942257217847769,0.22979438110749187,0.5104364326375711,0.32650053131320056,4,RandomForest,0.6953294585818556,0.20634248892655113
DP,0.6566203086302153,0.0029316780775101026,0.11723423076828826,0.25729609163464146,0.8472141656261368,0.36496980155306297,0.4776386404293381,0.26,0.6312056737588653,0.4823123382226057,0.3677570093457944,0.49335863377609107,0.3267203967761934,0.3303684879288437,0.24626168224299066,0.3648253312682843,0.4846083511124657,0.20948616600790515,0.75,0.5646188263637928,0.36491983728164634,0.48280222559433483,0.2590826521344233,0.6259016393442624,0.47307968413496054,0.36494351249572066,0.4963181148748159,0.2507997440818938,0.6322701688555347,0.46490927764464224,0.3649093339731944,0.5519685039370079,0.27422638436482083,0.49387064957024096,0.32650053131320056,4,RandomForest,0.6953294585818556,0.20634248892655113
EO,0.6256175779513559,0.11525957055342995,0.10102152176264123,0.2483115847851373,0.817630344800464,0.5323554788610871,0.667262969588551,0.4066666666666667,0.6045380875202593,0.4823123382226057,0.4462616822429907,0.5844402277039848,0.4011159330440174,0.3225130890052356,0.24626168224299066,0.5615212527964206,0.6854617494666261,0.4007905138339921,0.6892430278884463,0.5646188263637928,0.5098109595597032,0.6320182094081942,0.40009082652134426,0.5864820464679653,0.47307968413496054,0.5213967819239986,0.6627393225331369,0.39859245041586694,0.5909389363099147,0.46490927764464224,0.4909505364549412,0.6786876640419948,0.39993892508143325,0.4513527666259382,0.32650053131320056,4,RandomForest,0.6953294585818556,0.20634248892655113
Calibration,0.6870515018733727,0.5964508979907588,0.7025493801063798,0.3139949286453554,1.033909803266117,0.4624676445211389,0.6010733452593918,0.3333333333333333,0.6268656716417911,0.4823123382226057,0.009813084112149532,0.024667931688804556,0.0049597024178549285,0.6190476190476191,0.24626168224299066,0.6062639821029083,0.7272173117951843,0.44940711462450594,0.6772636957138802,0.5646188263637928,0.3786791098348887,0.49949418310571575,0.27020890099909173,0.6240126382306477,0.47307968413496054,0.31496062992125984,0.44698085419734906,0.20025591810620602,0.6597826086956522,0.46490927764464224,0.13889555410825077,0.2552230971128609,0.0825020358306189,0.5999506416584403,0.32650053131320056,4,RandomForest,0.6953294585818556,0.20634248892655113
OCF,0.6665523591795263,0.31543029092423813,0.32926625438743107,0.003848796719518321,0.013282732447817747,0.4823123382226057,0.6153846153846154,0.35833333333333334,0.6153846153846154,0.4823123382226057,0.24953271028037383,0.3586337760910816,0.2138871667699938,0.3539325842696629,0.24626168224299066,0.564963001204612,0.6879000304785127,0.40553359683794465,0.6874809625342675,0.5646188263637928,0.47307968413496054,0.5953464845725848,0.36330608537693004,0.5953464845725848,0.47307968413496054,0.46490927764464224,0.6001472754050073,0.3474088291746641,0.6001472754050073,0.46490927764464224,0.32651767044870256,0.5064566929133858,0.23928644136807817,0.5064301086557136,0.32650053131320056,4,RandomForest,0.6953294585818556,0.20634248892655113
Unmitigated,0.6666073968705548,0.1677844699529698,0.1650008562391065,0.2867296812215393,0.970359915314044,0.411599625818522,0.5211538461538462,0.30783242258652094,0.615909090909091,0.4864359214218896,0.447356529597831,0.5853211009174312,0.40227817745803357,0.32222222222222224,0.24627202892001807,0.4922616075886171,0.6276595744680851,0.3177142857142857,0.718052738336714,0.5631552670993509,0.49292761202900276,0.6306306306306306,0.368349558523885,0.6076681938750904,0.4749791988589088,0.447615732683606,0.5799540933435348,0.3371647509578544,0.5894245723172629,0.4549251653324051,0.32514314207603295,0.5065605733256047,0.23727732121892706,0.5083553675304072,0.3262951563816434,0,MLP,0.6971561093772397,0.2057846707891095
DP,0.6575772200772201,0.0007916074822242325,0.11514148681055156,0.2544646115609216,0.8363540243346997,0.3648269410664172,0.47307692307692306,0.26229508196721313,0.6307692307692307,0.4864359214218896,0.36556710347943966,0.4954128440366973,0.32314148681055155,0.3337453646477132,0.24627202892001807,0.36495257114328505,0.4867021276595745,0.208,0.7510259917920656,0.5631552670993509,0.36503031023416144,0.4904904904904905,0.25152818655195835,0.638228590035819,0.4749791988589088,0.3647754959972154,0.49196633511859217,0.25862068965517243,0.6135496183206107,0.4549251653324051,0.3649134269846455,0.552510934288876,0.27405441274054415,0.49403948546388354,0.3262951563816434,0,MLP,0.6971561093772397,0.2057846707891095
EO,0.644203413940256,0.12998772664921882,0.1270452425878934,0.20463711177816427,0.6725849654065544,0.4639850327408793,0.5826923076923077,0.35154826958105645,0.6108870967741935,0.4864359214218896,0.3953908721192951,0.5357798165137615,0.34952038369304556,0.33371428571428574,0.24627202892001807,0.5253785987685139,0.6628250591016549,0.3481904761904762,0.7104846373139057,0.5631552670993509,0.46998692499702843,0.6056056056056056,0.3472945438080145,0.6120384420839656,0.4749791988589088,0.46467107553080406,0.6059678653404744,0.34674329501915707,0.5932584269662922,0.4549251653324051,0.44068845750442753,0.6339779733361438,0.3470726353938033,0.4694108466640656,0.3262951563816434,0,MLP,0.6971561093772397,0.2057846707891095
Calibration,0.6892399918715708,0.579482410666272,0.695166677511007,0.3030234762361541,1.0258997882851093,0.5275958840037418,0.6538461538461539,0.4080145719489982,0.6028368794326241,0.4864359214218896,0.014460009037505649,0.031192660550458717,0.008992805755395683,0.53125,0.24627202892001807,0.5939424197037777,0.7263593380614657,0.42323809523809525,0.688708321658728,0.5631552670993509,0.4343278259835968,0.5698198198198198,0.31175005659950195,0.6231527093596059,0.4749791988589088,0.47093630351548904,0.6128538638102525,0.3524904214559387,0.5920177383592018,0.4549251653324051,0.14479272339620694,0.26526848290035304,0.086442754325966,0.5977912361952262,0.3262951563816434,0,MLP,0.6971561093772397,0.2057846707891095
OCF,0.6693507417191628,0.31688323817933284,0.35794998590235755,0.0013145291948087408,0.003583285029246097,0.4864359214218896,0.6076923076923076,0.37158469945355194,0.6076923076923076,0.4864359214218896,0.24627202892001807,0.3394495412844037,0.2158273381294964,0.3394495412844037,0.24627202892001807,0.5631552670993509,0.6973995271867612,0.3900952380952381,0.6973995271867612,0.5631552670993509,0.4749791988589088,0.6108608608608609,0.35204890196966265,0.6108608608608609,0.4749791988589088,0.4549251653324051,0.5906656465187452,0.34163473818646234,0.5906656465187452,0.4549251653324051,0.32746436493062125,0.5096696000421563,0.23921698739216987,0.5078498293515359,0.3262951563816434,0,MLP,0.6971561093772397,0.2057846707891095
Unmitigated,0.6655108909633581,0.18920681529559735,0.1828508920662326,0.3089435002187468,1.0087705035573187,0.4484304932735426,0.5603603603603604,0.3375,0.622,0.4977578475336323,0.46448339483394835,0.6142322097378277,0.41554467564259484,0.3257199602780536,0.246309963099631,0.4893187552565181,0.6213445884835694,0.3226788432267884,0.7084908903403231,0.5579478553406224,0.5103529411764706,0.630272952853598,0.4022371364653244,0.5855232826187183,0.47411764705882353,0.4508086253369272,0.5796130952380952,0.34421182266009853,0.5822122571001495,0.4528301886792453,0.3211461258808732,0.5036149664889967,0.23269378357636225,0.5119909866409142,0.3264873619462775,1,MLP,0.6964678186196758,0.2063369049700494
DP,0.6565822061345018,0.00017801445990339726,0.11386462332958872,0.2533880201868209,0.8273692780015336,0.3650224215246637,0.46306306306306305,0.26785714285714285,0.6314496314496314,0.4977578475336323,0.36485239852398527,0.48314606741573035,0.3261933904528764,0.32616940581542353,0.246309963099631,0.3648444070647603,0.48567983117274643,0.21232876712328766,0.7427385892116183,0.5579478553406224,0.3649411764705882,0.4811414392059553,0.26017897091722597,0.6250805931656995,0.47411764705882353,0.3648921832884097,0.4806547619047619,0.26908866995073893,0.5964912280701754,0.4528301886792453,0.3648925722359103,0.5540661776347037,0.2731900741877718,0.49575030692227784,0.3264873619462775,1,MLP,0.6964678186196758,0.2063369049700494
EO,0.6087254715183844,0.10851299892309274,0.08215649943148395,0.2921631904494932,0.9539789914400787,0.5748878923766816,0.6918918918918919,0.4589285714285714,0.5990639625585024,0.4977578475336323,0.5064575645756457,0.6591760299625468,0.4565483476132191,0.3205828779599271,0.246309963099631,0.6149705634987385,0.7413325293940307,0.4554794520547945,0.6725929978118161,0.5579478553406224,0.5644705882352942,0.6836228287841191,0.4570469798657718,0.5741975823259692,0.47411764705882353,0.5660377358490566,0.7023809523809523,0.45320197044334976,0.5619047619047619,0.4528301886792453,0.5483726459794276,0.7344450894506307,0.45817344589409054,0.43727024224714867,0.3264873619462775,1,MLP,0.6964678186196758,0.2063369049700494
Calibration,0.6859846319933955,0.6167446674466744,0.7371581423130643,0.3366090268516408,1.0991047142232895,0.4896860986547085,0.6126126126126126,0.3678571428571429,0.6227106227106227,0.4977578475336323,0.0027675276752767526,0.00749063670411985,0.0012239902080783353,0.6666666666666666,0.246309963099631,0.6195121951219512,0.7446487790171842,0.4615677321156773,0.6706489275047516,0.5579478553406224,0.35764705882352943,0.4761786600496278,0.25078299776286356,0.63125,0.47411764705882353,0.4757412398921833,0.6123511904761905,0.3626847290640394,0.5828611898016998,0.4528301886792453,0.12808628680714693,0.23784896300596337,0.07487848554617549,0.6062684960990046,0.3264873619462775,1,MLP,0.6964678186196758,0.2063369049700494
OCF,0.6676573315552169,0.3097928737908069,0.3218980871438588,0.0022940634308627815,0.0074906367041198685,0.4977578475336323,0.6162162162162163,0.38035714285714284,0.6162162162162163,0.4977578475336323,0.2481549815498155,0.3651685393258427,0.20991432068543453,0.362453531598513,0.246309963099631,0.5579478553406224,0.6870666264697015,0.3949771689497717,0.6870666264697015,0.5579478553406224,0.47411764705882353,0.5937965260545905,0.3662192393736018,0.5937965260545905,0.47411764705882353,0.45316711590296493,0.5825892857142857,0.3460591133004926,0.5821561338289963,0.4528301886792453,0.3264873619462775,0.5095783418650061,0.23773343566129446,0.5095783418650061,0.3264873619462775,1,MLP,0.6964678186196758,0.2063369049700494
Unmitigated,0.6672382041023687,0.18384141060022674,0.16446450010342095,0.2818313787415946,0.9754980323625881,0.4157986111111111,0.5413005272407733,0.2933104631217839,0.6430062630480167,0.4939236111111111,0.44429097605893186,0.5856873822975518,0.39853747714808047,0.322279792746114,0.24447513812154695,0.5048881524440763,0.6387587822014051,0.330278732340588,0.7161142106990482,0.5660314830157415,0.50408042578356,0.6370500880946388,0.3862115127175368,0.5938526513374003,0.46989946777055,0.4717912552891396,0.6229135053110774,0.34057971014492755,0.6136023916292974,0.46473906911142454,0.3210467418438495,0.501056970721911,0.2340729770446595,0.5084191334191335,0.3257639666006714,2,MLP,0.6976229729107644,0.20566884278599773
DP,0.6579284943163777,0.0017795498481082972,0.11603225759165375,0.25522948239591137,0.8461604193404693,0.3645833333333333,0.4868189806678383,0.24528301886792453,0.6595238095238095,0.4939236111111111,0.3651012891344383,0.504708097928437,0.31992687385740404,0.3379571248423707,0.24447513812154695,0.3663628831814416,0.4909250585480094,0.20389461626575028,0.7584803256445047,0.5660314830157415,0.3648728562980485,0.4885476969544425,0.25524319500223114,0.6291734197730956,0.46989946777055,0.364950634696756,0.496206373292868,0.2509881422924901,0.6318840579710145,0.46473906911142454,0.36487905655504865,0.5522672021984991,0.2743405765646146,0.4930640747381334,0.3257639666006714,2,MLP,0.6976229729107644,0.20566884278599773
EO,0.6280053343493999,0.12540368415672232,0.11253677167819975,0.24619345805991064,0.816203354547339,0.5251736111111112,0.6537785588752196,0.3996569468267582,0.6148760330578512,0.4939236111111111,0.44659300184162065,0.5894538606403014,0.40036563071297987,0.32268041237113404,0.24447513812154695,0.571996685998343,0.7019906323185011,0.40244368079419623,0.6946697566628042,0.5660314830157415,0.5201655824955648,0.6526554241127611,0.40272199910754125,0.5895861755343338,0.46989946777055,0.5320874471086037,0.6783004552352049,0.4051383399209486,0.5924453280318092,0.46473906911142454,0.4912800206593785,0.6809533875911638,0.39963741286418303,0.4515349032800673,0.3257639666006714,2,MLP,0.6976229729107644,0.20566884278599773
Calibration,0.6877500476281196,0.553464672772852,0.6372779916819928,0.26847430291766505,0.8900708750667072,0.3211805555555556,0.45342706502636204,0.19210977701543738,0.6972972972972973,0.4939236111111111,0.037753222836095765,0.08286252354048965,0.02315661182205972,0.5365853658536586,0.24447513812154695,0.5912178956089478,0.7201405152224825,0.4230622374952272,0.6894618834080718,0.5660314830157415,0.4527498521584861,0.587213692423861,0.33355644801427936,0.6094566353187043,0.46989946777055,0.43511988716502115,0.58649468892261,0.30368906455862976,0.626418152350081,0.46473906911142454,0.14823104071619178,0.2668851072825283,0.09090212700763475,0.586527293844367,0.3257639666006714,2,MLP,0.6976229729107644,0.20566884278599773
OCF,0.6691179272242331,0.3217220449770446,0.33555892950863775,0.00032123992899560735,0.0007587253414262918,0.4939236111111111,0.6186291739894552,0.37221269296740994,0.6186291739894552,0.4939236111111111,0.24447513812154695,0.35969868173258,0.2071907373552712,0.35969868173258,0.24447513812154695,0.5661971830985916,0.6952576112412178,0.39786177930507827,0.6950541410594089,0.5660314830157415,0.470254287403903,0.6033224263780519,0.35229808121374384,0.6028672032193159,0.46989946777055,0.4650916784203103,0.6153262518968133,0.3346508563899868,0.6148597422289613,0.46473906911142454,0.325781182749419,0.5062889757953705,0.2385670147843628,0.5062622205781324,0.3257639666006714,2,MLP,0.6976229729107644,0.20566884278599773
Unmitigated,0.6663999491966723,0.19183533048208207,0.16258225276414337,0.27662642968269147,0.9205149919890134,0.45330915684496825,0.5634328358208955,0.3492063492063492,0.604,0.485947416137806,0.43518951801591016,0.5778210116731517,0.3900184842883549,0.3193548387096774,0.24052409920449228,0.4976123826774247,0.638235294117647,0.31874298540965207,0.7180675049636003,0.5598550963280092,0.5127042824764404,0.6393483709273183,0.397678124288641,0.593531875290833,0.47596325897650005,0.4579310344827586,0.6309794988610479,0.3139608338597599,0.6257530120481928,0.45413793103448274,0.32086895199435833,0.49794433902593294,0.23509587152449765,0.5064057893326186,0.32632140215689986,3,MLP,0.695377936874593,0.20640663101143528
DP,0.6561757795135581,0.0005395942101478757,0.12059666978541492,0.2601673589945122,0.8657450217441062,0.3653671804170444,0.47761194029850745,0.25925925925925924,0.6352357320099256,0.485947416137806,0.3649976602714085,0.5,0.32224276032039434,0.3294871794871795,0.24052409920449228,0.3648937921949613,0.49323529411764705,0.20164609053497942,0.756768953068592,0.5598550963280092,0.3649051652153167,0.48847117794486217,0.2526747097655361,0.6371363190585159,0.47596325897650005,0.36482758620689654,0.5269552012148823,0.229943145925458,0.6559546313799622,0.45413793103448274,0.3648841569342438,0.5461205987771452,0.27709551408073124,0.488403884227397,0.32632140215689986,3,MLP,0.695377936874593,0.20640663101143528
EO,0.6158633390487077,0.12009453536026077,0.11357613252616938,0.2820190124983265,0.9384596017395284,0.5548504079782411,0.6791044776119403,0.43738977072310403,0.5947712418300654,0.485947416137806,0.486195601310248,0.6381322957198443,0.43807763401109057,0.3156881616939365,0.24052409920449228,0.6062901366705088,0.74,0.43621399176954734,0.6833242802824552,0.5598550963280092,0.5530239770965049,0.680952380952381,0.43683132255861595,0.5860655737704918,0.47596325897650005,0.5782758620689655,0.7517084282460137,0.4339861023373342,0.590339892665474,0.45413793103448274,0.5252584323775779,0.7073055028462998,0.4370771312584574,0.43941973934114875,0.32632140215689986,3,MLP,0.695377936874593,0.20640663101143528
Calibration,0.6875214326538388,0.6020265370606767,0.7319237811856261,0.3208146564460067,1.1020529647482433,0.5421577515865821,0.667910447761194,0.42328042328042326,0.5986622073578596,0.485947416137806,0.003275620028076743,0.007782101167315175,0.0018484288354898336,0.5714285714285714,0.24052409920449228,0.6053021570887535,0.7397058823529412,0.43434343434343436,0.6841675734494015,0.5598550963280092,0.45425265418108074,0.5827067669172933,0.3375825176417027,0.6105567226890757,0.47596325897650005,0.45413793103448274,0.6287015945330297,0.30890713834491473,0.6287015945330297,0.45413793103448274,0.14998537986549476,0.26860636727809406,0.09252687211172671,0.5844036697247706,0.32632140215689986,3,MLP,0.695377936874593,0.20640663101143528
OCF,0.6682542706547279,0.3199896501780205,0.34249828336003657,0.0005466642466052992,0.0011764705882353343,0.485947416137806,0.5951492537313433,0.38271604938271603,0.5951492537313433,0.485947416137806,0.24052409920449228,0.3560311284046693,0.203943314849045,0.3560311284046693,0.24052409920449228,0.5605137493825127,0.6985294117647058,0.38496071829405165,0.6977085781433607,0.5598550963280092,0.47596325897650005,0.6015037593984962,0.36193944912360576,0.6015037593984962,0.47596325897650005,0.45413793103448274,0.6287015945330297,0.30890713834491473,0.6287015945330297,0.45413793103448274,0.3264590034228315,0.5044275774826059,0.24025327444021752,0.5042149631190727,0.32632140215689986,3,MLP,0.695377936874593,0.20640663101143528
Unmitigated,0.6660062234076332,0.18499026065896873,0.19682075641015287,0.30693034133871244,1.0394001215235935,0.4184641932700604,0.5456171735241503,0.3,0.6288659793814433,0.4823123382226057,0.4696261682242991,0.5901328273244781,0.4302541847489151,0.309452736318408,0.24626168224299066,0.5061091034245396,0.6299908564462054,0.34545454545454546,0.7028221693301598,0.5646188263637928,0.5039483129935391,0.6375821952453212,0.38396911898274294,0.5985280151946819,0.47307968413496054,0.46319753509072237,0.6001472754050073,0.34420985284708894,0.6023651145602366,0.46490927764464224,0.3211188427655709,0.5019947506561679,0.2334334283387622,0.5104077711357814,0.32650053131320056,4,MLP,0.6963935141246798,0.20583535217166604
DP,0.658842954213501,0.00014447028477865276,0.10646207077377728,0.2538384449308442,0.83582896638515,0.36496980155306297,0.4847942754919499,0.25333333333333335,0.640661938534279,0.4823123382226057,0.3649532710280374,0.5028462998102466,0.3199008059516429,0.3393085787451985,0.24626168224299066,0.3648253312682843,0.48156049984760746,0.2134387351778656,0.7452830188679245,0.5646188263637928,0.36491983728164634,0.49165402124430957,0.2511353315168029,0.6373770491803279,0.47307968413496054,0.36494351249572066,0.5036818851251841,0.24440179142674345,0.6416510318949343,0.46490927764464224,0.3649264731086964,0.5541207349081365,0.2732084690553746,0.49577306030433965,0.32650053131320056,4,MLP,0.6963935141246798,0.20583535217166604
EO,0.6491014161427574,0.10806060693785718,0.09831443270729678,0.20441917844158727,0.6731032041765391,0.4616048317515099,0.6046511627906976,0.3283333333333333,0.6317757009345795,0.4823123382226057,0.3775700934579439,0.5142314990512334,0.33292002479851207,0.3353960396039604,0.24626168224299066,0.4856307003958011,0.6110941786040841,0.3229249011857708,0.7104890148830617,0.5646188263637928,0.44508255563531945,0.5786545270612038,0.32515894641235243,0.6150537634408603,0.47307968413496054,0.4505306401917152,0.585419734904271,0.3333333333333333,0.6041033434650456,0.46490927764464224,0.41870908031398896,0.6125459317585302,0.32474043159609123,0.47765042979942696,0.32650053131320056,4,MLP,0.6963935141246798,0.20583535217166604
Calibration,0.6879532609385914,0.6075372681845742,0.7033555859248263,0.31833340935398635,1.0544208450302621,0.5323554788610871,0.6815742397137746,0.3933333333333333,0.6175040518638574,0.4823123382226057,0.012149532710280374,0.036053130929791274,0.0043397396156230625,0.7307692307692307,0.24626168224299066,0.6196868008948546,0.7394087168546175,0.4644268774703557,0.6737017495140238,0.5646188263637928,0.42725532424024887,0.5594334850784016,0.30858310626702995,0.6194343321198544,0.47307968413496054,0.37144813420061623,0.5125184094256259,0.24888035828534869,0.6414746543778802,0.46490927764464224,0.12624687210777089,0.23511811023622048,0.07346803745928339,0.6080640781971219,0.32650053131320056,4,MLP,0.6963935141246798,0.20583535217166604
OCF,0.6693592430304185,0.3183571441208021,0.3257071506523385,0.00023059847760952793,0.0005058168942841945,0.4823123382226057,0.627906976744186,0.3466666666666667,0.627906976744186,0.4823123382226057,0.24626168224299066,0.36432637571157495,0.20768753874767515,0.36432637571157495,0.24626168224299066,0.5646188263637928,0.6900335263639135,0.40197628458498025,0.6900335263639135,0.5646188263637928,0.47331897583153865,0.6049570055639858,0.35513169845594916,0.6046511627906976,0.47307968413496054,0.46490927764464224,0.601620029455081,0.34612923864363404,0.601620029455081,0.46490927764464224,0.32651767044870256,0.5090813648293964,0.23801404723127037,0.5090546428009028,0.32650053131320056,4,MLP,0.6963935141246798,0.20583535217166604
Unmitigated,0.6663406827880513,0.18439101477687747,0.17974763163283877,0.29426098550339497,0.9995412844036698,0.41347053320860616,0.5211538461538462,0.3114754098360656,0.6131221719457014,0.4864359214218896,0.45549028468142794,0.581651376146789,0.41426858513189446,0.314484126984127,0.24627202892001807,0.4969212847395573,0.6323877068557919,0.3222857142857143,0.7166778298727394,0.5631552670993509,0.5068346606442411,0.6403903903903904,0.3860086031242925,0.600140712945591,0.4749791988589088,0.44517925513400625,0.5692425401683244,0.34163473818646234,0.581704456606724,0.4549251653324051,0.3224436458673636,0.5039785002898245,0.2345209534990557,0.509998400255959,0.3262951563816434,0,XGBoost,0.6975603199046164,0.20554485289750105
DP,0.6571199959357854,0.0018412455571197306,0.1070791366906475,0.2530072484218226,0.8315640792070619,0.3648269410664172,0.4634615384615385,0.27140255009107467,0.617948717948718,0.4864359214218896,0.36511522819701764,0.5100917431192661,0.31774580335731417,0.34405940594059403,0.24627202892001807,0.36661674155433516,0.4875886524822695,0.21066666666666667,0.7489786654561961,0.5631552670993509,0.36491144657078334,0.48873873873873874,0.2528865745981435,0.636156351791531,0.4749791988589088,0.3647754959972154,0.48967100229533284,0.26053639846743293,0.6106870229007634,0.4549251653324051,0.3649822039581148,0.5520893713442588,0.2743606758205298,0.4935695105290432,0.3262951563816434,0,XGBoost,0.6975603199046164,0.20554485289750105
EO,0.6587837837837838,0.12245015516339891,0.10613193224456158,0.16755815753544342,0.5651376146788992,0.3891487371375117,0.49615384615384617,0.2877959927140255,0.6201923076923077,0.4864359214218896,0.3361952101220063,0.48990825688073397,0.28597122302158273,0.3588709677419355,0.24627202892001807,0.4586453652854052,0.5960401891252955,0.2815238095238095,0.7318577648766328,0.5631552670993509,0.40366100083204565,0.536036036036036,0.28390310165270544,0.6307420494699647,0.4749791988589088,0.39540549947789766,0.5248661055853099,0.28735632183908044,0.6038732394366197,0.4549251653324051,0.3755394693856497,0.5641566106339253,0.28418661630340464,0.49017902110709216,0.3262951563816434,0,XGBoost,0.6975603199046164,0.20554485289750105
Calibration,0.6897480186953872,0.5974092784606791,0.7151511701043225,0.315221839970758,1.0360460450690785,0.509822263797942,0.6326923076923077,0.39344262295081966,0.6036697247706422,0.4864359214218896,0.010845006778129237,0.025688073394495414,0.005995203836930456,0.5833333333333334,0.24627202892001807,0.6082542852388084,0.7408392434988179,0.43733333333333335,0.6859097127222982,0.5631552670993509,0.43539759895399976,0.571071071071071,0.31265564863029205,0.622986622986623,0.4749791988589088,0.3282283327532196,0.46212700841622034,0.2164750957854406,0.6405090137857901,0.4549251653324051,0.14541171615743048,0.26653317173420454,0.08674901740595171,0.5980844271018092,0.3262951563816434,0,XGBoost,0.6975603199046164,0.20554485289750105
OCF,0.6692999390367811,0.30965323366058,0.32616630880343545,0.008932246977990948,0.02935779816513784,0.4864359214218896,0.6038461538461538,0.37522768670309653,0.6038461538461538,0.4864359214218896,0.2535020334387709,0.3706422018348624,0.21522781774580335,0.3600713012477718,0.24627202892001807,0.5631552670993509,0.6968085106382979,0.39085714285714285,0.6968085106382979,0.5631552670993509,0.4749791988589088,0.6096096096096096,0.35318089200815034,0.6096096096096096,0.4749791988589088,0.4549251653324051,0.5814843152257078,0.3492975734355045,0.5814843152257078,0.4549251653324051,0.3262951563816434,0.5084049112083048,0.2380940227655556,0.5084049112083048,0.3262951563816434,0,XGBoost,0.6975603199046164,0.20554485289750105
Unmitigated,0.6664253508604814,0.19098929016290261,0.19088554705223143,0.3069371456777583,1.0123190606336674,0.44035874439461886,0.5585585585585585,0.32321428571428573,0.6313645621181263,0.4977578475336323,0.4672509225092251,0.602996254681648,0.4228886168910649,0.31786771964461996,0.246309963099631,0.4992430613961312,0.6331022007838408,0.3302891933028919,0.7075471698113207,0.5579478553406224,0.5114117647058823,0.6364764267990074,0.39865771812080536,0.5900621118012422,0.47411764705882353,0.45451482479784366,0.5877976190476191,0.34421182266009853,0.5856189770200149,0.4528301886792453,0.32042247454297973,0.5028233679877566,0.23200306983883345,0.5123407001129214,0.3264873619462775,1,XGBoost,0.697603675564084,0.205982511478823
DP,0.6574331618721027,0.0009305006843172148,0.11363314572935473,0.2545350519021996,0.8311145963535935,0.3650224215246637,0.46846846846846846,0.2625,0.6388206388206388,0.4977578475336323,0.3657749077490775,0.4887640449438202,0.32558139534883723,0.3291298865069357,0.246309963099631,0.3648444070647603,0.48598130841121495,0.2119482496194825,0.7431996311664362,0.5579478553406224,0.3649411764705882,0.4823821339950372,0.25906040268456376,0.6266924564796905,0.47411764705882353,0.36522911051212936,0.484375,0.2666256157635468,0.6005535055350554,0.4528301886792453,0.3648925722359103,0.5550160958361919,0.2727295983627526,0.4966002455378223,0.3264873619462775,1,XGBoost,0.697603675564084,0.205982511478823
EO,0.5990474376071633,0.09986111930084818,0.06647347282583538,0.31997620246876324,1.0447947752978357,0.5955156950672645,0.7063063063063063,0.4857142857142857,0.5903614457831325,0.4977578475336323,0.5396678966789668,0.6947565543071161,0.488984088127295,0.3170940170940171,0.246309963099631,0.6395290159798149,0.7612300271329515,0.4859208523592085,0.6641241451867438,0.5579478553406224,0.5952941176470589,0.7181141439205956,0.48456375838926175,0.5719367588932807,0.47411764705882353,0.5973719676549866,0.7299107142857143,0.4876847290640394,0.5532994923857868,0.4528301886792453,0.5768707248574234,0.759512375323236,0.48833461243284726,0.4298557390758938,0.3264873619462775,1,XGBoost,0.697603675564084,0.205982511478823
Calibration,0.6854892995491204,0.5303763123838136,0.6328871018552706,0.2773491219626161,0.9056077024611608,0.48789237668161434,0.6108108108108108,0.36607142857142855,0.6231617647058824,0.4977578475336323,0.019833948339483393,0.05056179775280899,0.009791921664626682,0.627906976744186,0.246309963099631,0.5502102607232969,0.6834488996080796,0.3820395738203957,0.6930602262305106,0.5579478553406224,0.44341176470588234,0.5669975186104218,0.3319910514541387,0.6062616078535421,0.47411764705882353,0.4066711590296496,0.5372023809523809,0.2986453201970443,0.5981772990886496,0.4528301886792453,0.16550939885249574,0.2935774974932714,0.10342798669736505,0.5791172184051634,0.3264873619462775,1,XGBoost,0.697603675564084,0.205982511478823
OCF,0.6686733981075761,0.3116378922409914,0.3280552234036668,0.00011399185294276874,0.0002481389578163906,0.4977578475336323,0.618018018018018,0.37857142857142856,0.618018018018018,0.4977578475336323,0.246309963099631,0.36142322097378277,0.2086903304773562,0.36142322097378277,0.246309963099631,0.5579478553406224,0.6894784443774495,0.3919330289193303,0.6894784443774495,0.5579478553406224,0.47423529411764703,0.5975186104218362,0.36308724832214767,0.5973703795584222,0.47411764705882353,0.4528301886792453,0.5855654761904762,0.34298029556650245,0.5855654761904762,0.4528301886792453,0.3264873619462775,0.5102116206659982,0.23742645177794833,0.5102116206659982,0.3264873619462775,1,XGBoost,0.697603675564084,0.205982511478823
Unmitigated,0.6674160157490315,0.18802285461563062,0.16208146943407498,0.27451744247473486,0.9101056510406331,0.4392361111111111,0.5659050966608085,0.3156089193825043,0.6363636363636364,0.4939236111111111,0.43784530386740333,0.568738229755179,0.39549055453991466,0.3175604626708728,0.24447513812154695,0.49859154929577465,0.6305620608899297,0.32646048109965636,0.715852442671984,0.5660314830157415,0.5088113542282673,0.6428391643594261,0.3900044622936189,0.5936773593677359,0.46989946777055,0.4703808180535966,0.618361153262519,0.34189723320158105,0.610944527736132,0.46473906911142454,0.32078849961263667,0.5016383046189621,0.2334090851058397,0.5094187731444212,0.3257639666006714,2,XGBoost,0.6981191144249852,0.20563024164947838
DP,0.6585889375754111,0.0005179558011049745,0.11923344592637267,0.256024181604608,0.8487950797620151,0.3645833333333333,0.4956063268892794,0.2367066895368782,0.6714285714285714,0.4939236111111111,0.3651012891344383,0.4971751412429379,0.3223644119439366,0.3329129886506936,0.24447513812154695,0.3648715824357912,0.4888758782201405,0.20313096601756395,0.7584014532243415,0.5660314830157415,0.3648728562980485,0.4903095897306821,0.2536813922356091,0.6314424635332253,0.46989946777055,0.364950634696756,0.4954476479514416,0.2516469038208169,0.6309178743961352,0.46473906911142454,0.36496513729878627,0.5535355670647923,0.2738554247631693,0.4940799094296901,0.3257639666006714,2,XGBoost,0.6981191144249852,0.20563024164947838
EO,0.6043436845113355,0.11336151455368537,0.09304226923704562,0.3026292410367257,1.0033044893422778,0.6128472222222222,0.7486818980667839,0.48027444253859347,0.603399433427762,0.4939236111111111,0.5179558011049724,0.6572504708097928,0.4728823887873248,0.31022222222222223,0.24447513812154695,0.6313173156586578,0.7502927400468384,0.4761359297441772,0.6727034120734908,0.5660314830157415,0.5881726788882318,0.7208658444500378,0.4705488621151272,0.5759099135330786,0.46989946777055,0.5966149506346967,0.7405159332321699,0.47167325428194995,0.5768321513002365,0.46473906911142454,0.5619178789704743,0.7442659338336328,0.47381456987462656,0.4314776800759827,0.3257639666006714,2,XGBoost,0.6981191144249852,0.20563024164947838
Calibration,0.6877881501238331,0.5640952638155877,0.6730297657638585,0.2928558874914831,0.970902962463118,0.3133680555555556,0.44815465729349735,0.18181818181818182,0.7063711911357341,0.4939236111111111,0.011049723756906077,0.030131826741996232,0.004875076173065204,0.6666666666666666,0.24447513812154695,0.5751449875724938,0.7031615925058547,0.40817105765559375,0.6920195908959954,0.5660314830157415,0.4768775872264932,0.615403976843695,0.35408299866131193,0.6063988095238095,0.46989946777055,0.4421720733427362,0.5933232169954477,0.310935441370224,0.6236044657097288,0.46473906911142454,0.16697942670224672,0.29563471091850757,0.10481832341751143,0.5767604907722446,0.3257639666006714,2,XGBoost,0.6981191144249852,0.20563024164947838
OCF,0.6698037721470756,0.3215563448941945,0.34321868508448117,0.00028957563233650215,0.000792728041433266,0.4939236111111111,0.6186291739894552,0.37221269296740994,0.6186291739894552,0.4939236111111111,0.24447513812154695,0.3502824858757062,0.21023765996343693,0.3502824858757062,0.24447513812154695,0.5660314830157415,0.6935011709601874,0.3997709049255441,0.6935011709601874,0.5660314830157415,0.47001774098166765,0.6070979108985654,0.3485051316376618,0.60694514343231,0.46989946777055,0.46473906911142454,0.6130500758725341,0.3359683794466403,0.6130500758725341,0.46473906911142454,0.3260222088318843,0.5079272804143325,0.238132931593596,0.5075249511538259,0.3257639666006714,2,XGBoost,0.6981191144249852,0.20563024164947838
Unmitigated,0.6667555724899981,0.18561065210088135,0.15651572462332136,0.2796583818576045,0.9306042572671092,0.4524025385312783,0.5485074626865671,0.36155202821869487,0.5891783567134269,0.485947416137806,0.4384651380439869,0.585603112840467,0.39186691312384475,0.32123799359658484,0.24052409920449228,0.4995883418409353,0.6394117647058823,0.3217358772914328,0.7165458141067897,0.5598550963280092,0.5069784086842419,0.6385964912280702,0.387434554973822,0.5995294117647059,0.47596325897650005,0.4575862068965517,0.6287015945330297,0.31522425773847124,0.6239638281838734,0.45413793103448274,0.3213677565833606,0.4989458148850938,0.2353511885005234,0.5066366944979662,0.32632140215689986,3,XGBoost,0.6961696905188253,0.20612108086602066
DP,0.6565695053025973,0.0011059655011053104,0.11984844681496973,0.2613366690438207,0.8696360723277637,0.3653671804170444,0.46828358208955223,0.26807760141093473,0.6228287841191067,0.485947416137806,0.36593355170800185,0.5038910505836576,0.32224276032039434,0.3312020460358056,0.24052409920449228,0.3648937921949613,0.49264705882352944,0.2023943135054246,0.7558664259927798,0.5598550963280092,0.3649051652153167,0.48471177944862154,0.25608923287047575,0.6322327558025499,0.47596325897650005,0.36482758620689654,0.5284738041002278,0.2286797220467467,0.6578449905482041,0.45413793103448274,0.3650389583584169,0.5481762597512123,0.276329563152654,0.49003439664514914,0.32632140215689986,3,XGBoost,0.6961696905188253,0.20612108086602066
EO,0.6062615101289135,0.11828578222485886,0.09881998055951957,0.30199805034964466,1.0049427786678875,0.5639165911151405,0.6697761194029851,0.4638447971781305,0.5771704180064309,0.485947416137806,0.5128685072531586,0.6673151750972762,0.46395563770794823,0.31295620437956206,0.24052409920449228,0.6311542894780174,0.7623529411764706,0.46427235316124205,0.6762327158883381,0.5598550963280092,0.5842777048789216,0.7170426065162907,0.4636922376508081,0.5841159657002858,0.47596325897650005,0.6037931034482759,0.7661351556567958,0.46873025900189513,0.5762421473443746,0.45413793103448274,0.5505426649925179,0.7275985663082437,0.4647790231572497,0.43126718320419893,0.32632140215689986,3,XGBoost,0.6961696905188253,0.20612108086602066
Calibration,0.6890709341461866,0.6004756818866018,0.7212462806134127,0.31664744177914916,1.0792067717932965,0.3844061650045331,0.4944029850746269,0.2804232804232804,0.625,0.485947416137806,0.007955077211043519,0.021400778210116732,0.0036968576709796672,0.6470588235294118,0.24052409920449228,0.6084307590976453,0.7426470588235294,0.4377104377104377,0.6833558863328822,0.5598550963280092,0.5294047477036861,0.6631578947368421,0.40792169360346003,0.5962145110410094,0.47596325897650005,0.4086206896551724,0.5869400151860289,0.2602653190145294,0.6523206751054852,0.45413793103448274,0.1392696812810678,0.2546911237613325,0.0833609926724028,0.5967642336667902,0.32632140215689986,3,XGBoost,0.6961696905188253,0.20612108086602066
OCF,0.6678351432018798,0.319330997123517,0.34362897688258187,0.0013780677295384353,0.0037423571579169312,0.485947416137806,0.5876865671641791,0.3897707231040564,0.5876865671641791,0.485947416137806,0.24052409920449228,0.35019455252918286,0.20579174368453482,0.35019455252918286,0.24052409920449228,0.5598550963280092,0.6938235294117647,0.3894500561167228,0.6938235294117647,0.5598550963280092,0.47596325897650005,0.6042606516290727,0.3594354655133166,0.6042606516290727,0.47596325897650005,0.45413793103448274,0.6279422930903569,0.30953885028427036,0.6279422930903569,0.45413793103448274,0.3275426133920432,0.505798018131984,0.24119794725151275,0.5039121987081867,0.32632140215689986,3,XGBoost,0.6961696905188253,0.20612108086602066
Unmitigated,0.6659681209119197,0.19011269643944895,0.19548605992435245,0.30550906341898654,1.0101258346260773,0.4270923209663503,0.5617173524150268,0.3016666666666667,0.6343434343434343,0.4823123382226057,0.46682242990654205,0.5863377609108159,0.4277743335399876,0.30930930930930933,0.24626168224299066,0.5023231801755291,0.6241999390429747,0.3442687747035573,0.7016101404590613,0.5646188263637928,0.5105288346494377,0.6388467374810318,0.395322434150772,0.5919850011717834,0.47307968413496054,0.46764806573091405,0.6045655375552282,0.3486884197056942,0.6010248901903368,0.46490927764464224,0.3204161382099887,0.5022047244094489,0.23228827361563517,0.5117411072479272,0.32650053131320056,4,XGBoost,0.6969776951281145,0.2057457469969008
DP,0.6585254334158888,0.0010625191990054073,0.1085466650657087,0.25499099383211005,0.8396240327988121,0.36496980155306297,0.4883720930232558,0.25,0.6453900709219859,0.4823123382226057,0.3658878504672897,0.4990512333965844,0.32238065716057035,0.33588761174968074,0.24626168224299066,0.3648253312682843,0.4812557147211216,0.21383399209486165,0.744811320754717,0.5646188263637928,0.36491983728164634,0.4853313100657562,0.25681198910081743,0.6291803278688525,0.47307968413496054,0.36494351249572066,0.4963181148748159,0.2507997440818938,0.6322701688555347,0.46490927764464224,0.3649093339731944,0.5553805774278215,0.2725722719869707,0.4969235827344888,0.32650053131320056,4,XGBoost,0.6969776951281145,0.2057457469969008
EO,0.6041531720327682,0.10724206588535756,0.08984278986540295,0.2987639650563485,0.9837579022917875,0.5953408110440035,0.7280858676207513,0.4716666666666667,0.5898550724637681,0.4823123382226057,0.5126168224299066,0.6489563567362429,0.4680719156850589,0.31175934366453967,0.24626168224299066,0.6198588883152641,0.7387991466016458,0.46561264822134385,0.6729594669627984,0.5646188263637928,0.5833931562574779,0.7111785533636823,0.46866485013623976,0.5767022149302707,0.47307968413496054,0.5888394385484423,0.7268041237113402,0.4689699296225208,0.5738372093023256,0.46490927764464224,0.5566277036986255,0.7370078740157481,0.4691826140065147,0.4323059395880161,0.32650053131320056,4,XGBoost,0.6969776951281145,0.2057457469969008
Calibration,0.6876103384771702,0.6180611376747612,0.7228028433502768,0.32724326925394637,1.077533403466685,0.5056082830025884,0.6457960644007156,0.375,0.6160409556313993,0.4823123382226057,0.007476635514018692,0.020872865275142316,0.0030998140111593306,0.6875,0.24626168224299066,0.6255377731887799,0.7436757086254191,0.4723320158102767,0.671251719394773,0.5646188263637928,0.40356544627901414,0.5316135558927668,0.28860127157129883,0.6231841091016899,0.47307968413496054,0.3389250256761383,0.47201767304860087,0.2232885476647473,0.6474747474747474,0.46490927764464224,0.13191992595893462,0.24461942257217847,0.07728521986970684,0.6054306872807588,0.32650053131320056,4,XGBoost,0.6969776951281145,0.2057457469969008
OCF,0.6689274147456659,0.3183571441208021,0.32706393605411416,5.7699797630843696e-05,0.0001574803149606563,0.4823123382226057,0.6207513416815742,0.35333333333333333,0.6207513416815742,0.4823123382226057,0.24626168224299066,0.3605313092979127,0.20892746435213888,0.3605313092979127,0.24626168224299066,0.5646188263637928,0.6875952453520269,0.4051383399209486,0.6875952453520269,0.5646188263637928,0.47307968413496054,0.6016691957511381,0.3576294277929155,0.6016691957511381,0.47307968413496054,0.46490927764464224,0.6008836524300442,0.3467690339091491,0.6008836524300442,0.46490927764464224,0.32655194871970655,0.5096587926509186,0.23778501628664495,0.5095785440613027,0.32650053131320056,4,XGBoost,0.6969776951281145,0.2057457469969008
