c,accuracy,DPD,OCF_violation,rho_AIAN_NH,TPR_AIAN_NH,FPR_AIAN_NH,PPV_AIAN_NH,rho_Asian_NH,TPR_Asian_NH,FPR_Asian_NH,PPV_Asian_NH,rho_Black_NH,TPR_Black_NH,FPR_Black_NH,PPV_Black_NH,rho_Hispanic,TPR_Hispanic,FPR_Hispanic,PPV_Hispanic,rho_Other_NH,TPR_Other_NH,FPR_Other_NH,PPV_Other_NH,rho_White_NH,TPR_White_NH,FPR_White_NH,PPV_White_NH,TPR_high_burden,rho_high_burden,model
0.5,0.6780144077871143,0.15871922440269534,8.493531796980341e-05,0.24473026080743124,0.33953997809419495,0.15389996502273523,0.6788321167883211,0.12243767313019391,0.1965296114673708,0.09842279007213596,0.3929110105580694,0.28115689753288925,0.3861173949279676,0.1463097514340344,0.7722347898559352,0.23683773065140468,0.33565662137090707,0.14792926103040693,0.6712122731374712,0.2291350531107739,0.34030704394942807,0.13509039979628215,0.6806140878988561,0.16313693391294778,0.28949088225993463,0.10194591062695893,0.5789817645198693,0.3861173949279676,0.28115689753288925,MLP
0.55,0.6786494477692315,0.17464989600945016,9.065902209333084e-05,0.26920328688817435,0.3723986856516977,0.17033927946834557,0.6768414067684141,0.13462603878116344,0.2104866088268578,0.11003790194400294,0.38271604938271603,0.3092759347906136,0.42135968567686627,0.16527724665391968,0.7661002272973265,0.26049063145645823,0.36403750689464975,0.167328340701976,0.6618652566323274,0.2521037384466823,0.36845273931366646,0.15367965367965367,0.6697674418604651,0.1794523468882408,0.31314430273005167,0.11470765398319534,0.5693478219206961,0.42135968567686627,0.3092759347906136,MLP
0.6,0.6791371584754976,0.1903035593059557,0.00027096157046499085,0.2936763129689175,0.40014603870025556,0.19167541098286114,0.6666666666666666,0.14709141274238227,0.22859298377970577,0.12067489913192322,0.3804143126177024,0.33739497204833796,0.4543398023574235,0.187151051625239,0.7572179779740054,0.28416728015388637,0.3934212505641077,0.18587025173689434,0.6556911248537522,0.2750034487515519,0.39614689945815773,0.17252355487649607,0.6601454727865563,0.19576432069553734,0.3367555602403289,0.12748471143145923,0.5612592670672147,0.4543398023574235,0.33739497204833796,MLP
0.65,0.6789339456812201,0.2064189031195434,0.00010210643001471112,0.3181493390496606,0.4275282949981745,0.21336131514515566,0.6574957888826501,0.15909510618651893,0.24745379102225576,0.13045604597139016,0.3807312826465467,0.3655140093060623,0.4872603881414454,0.20910133843212236,0.7496107702170528,0.30784392885131445,0.42160156445870733,0.20549490210231885,0.6486152896706009,0.29790315905642156,0.4226369656833233,0.1923860453272218,0.6501504978004168,0.21207973367083036,0.3592494993148519,0.14080797149537003,0.5526870560762819,0.4872603881414454,0.3655140093060623,MLP
0.7,0.6785453012121643,0.22225723862288177,0.00018543744583439275,0.342443729903537,0.45454545454545453,0.23504721930745015,0.6494522691705791,0.1713758079409049,0.26367408525084873,0.14145983616579044,0.3766163793103448,0.39363304656378667,0.5197642576497202,0.2315869980879541,0.7424951101284123,0.33152057754874253,0.448277591134734,0.22647297663087612,0.6404011461318052,0.3209408194233687,0.45018061408789883,0.21161191749427044,0.6428110896196002,0.2283917074781269,0.38177506060925476,0.15411081276991087,0.5453929437275068,0.5197642576497202,0.39363304656378667,MLP
0.75,0.6780779117853261,0.23812904917057465,0.00010857131389275282,0.3669167559842801,0.4830230010952902,0.25568380552640785,0.6441090555014606,0.18365650969529085,0.28178046020369674,0.15185230468272404,0.3755656108597285,0.4217855588658655,0.5514346946065007,0.25521988527724665,0.7351587301587301,0.35519722624617067,0.47635761921476205,0.24618785527384282,0.6351541084442067,0.34370257966616086,0.475316074653823,0.23236567354214413,0.6337547662050973,0.2447552688053706,0.4041319700642985,0.16757189966206903,0.5387328396588307,0.5514346946065007,0.4217855588658655,MLP
0.8,0.6769170586980157,0.25390043458520417,0.0001525273114201627,0.39138978206502323,0.5082146768893757,0.27946834557537603,0.6353263350068462,0.19593721144967682,0.2968691059977367,0.16322288788360434,0.3708765315739868,0.449837646034881,0.5816763900464341,0.28045889101338434,0.7271171305253759,0.3788976228359733,0.5036855036855037,0.26662456013714697,0.6295832027577561,0.3666022899710305,0.5016556291390728,0.2523554876496053,0.6270931326434619,0.26101909426071646,0.4254031833034679,0.1814107341575718,0.5317539791293349,0.5816763900464341,0.449837646034881,MLP
0.8500000000000001,0.6755326715369999,0.2689077451577947,0.0012238323094836512,0.41586280814576637,0.5363271266885725,0.30045470444211264,0.6310137457044673,0.2090489381348107,0.3149754809505847,0.17471573541997798,0.36881625441696114,0.4779566832926054,0.6103702821764496,0.3078393881453155,0.7180977727973106,0.4025742715334014,0.5289073860502432,0.28891094469006584,0.622227465785748,0.3895709753069389,0.5281456953642384,0.27234530175706645,0.6212818696883853,0.27733450723600944,0.4468852113418362,0.19522404516636208,0.5257440476190476,0.6103702821764496,0.4779566832926054,MLP
0.9,0.6733532143183735,0.2856694416952974,0.00013098887263166573,0.44033583422650946,0.5629791894852135,0.322840153899965,0.6255578093306288,0.2204062788550323,0.32893247831007166,0.18523046827240494,0.3653121072475911,0.5060757205503297,0.6385283962376473,0.33590822179732316,0.7094853816642414,0.4262509202308295,0.5524244095672667,0.31273120996120185,0.613794640369937,0.41247068561180855,0.5528296207104154,0.2937356760886173,0.6142140468227425,0.293646481043306,0.4673447876040898,0.20952740712003184,0.5192719862267664,0.6385283962376473,0.5060757205503297,MLP
0.95,0.6710289679838243,0.3016001133020523,6.549443634715152e-05,0.4648088603072526,0.588170865279299,0.3466246939489332,0.6191391237509608,0.23259464450600184,0.3410033949453037,0.1974569018217386,0.3588725684795554,0.5341947578080541,0.6669246338849864,0.3636711281070746,0.70203032961524,0.44992756892825764,0.5762924334352906,0.3362356762609402,0.6066188113585981,0.43537039591667814,0.5769114990969295,0.31563534504710977,0.607256020278834,0.30998596819457436,0.4876146305470644,0.22396349120460649,0.5132358488472718,0.6669246338849864,0.5341947578080541,MLP
1.0,0.6682678141415783,0.31753078490880715,6.7583891057783e-05,0.4892818863879957,0.6137276378240234,0.3700594613501224,0.6137276378240234,0.24478301015697138,0.35533760844964163,0.20894974935811225,0.35533760844964163,0.5623137950657785,0.6922252649124896,0.3954110898661568,0.6922252649124896,0.4736042176256857,0.601113172541744,0.3588829739240278,0.601113172541744,0.45833908125258654,0.6011438892233594,0.33753501400560226,0.601053423626787,0.3263013811698674,0.5072098661326025,0.2386905430377033,0.507167098800565,0.6922252649124896,0.5623137950657785,MLP
1.05,0.6653644113433381,0.33244575937798115,0.001193729251908397,0.5137549124687388,0.6367287331142752,0.39594263728576423,0.6063977746870653,0.2579870729455217,0.37344398340248963,0.2205648612299792,0.3543307086614173,0.5904328323235029,0.717347303250387,0.42738049713193116,0.6831840344710285,0.4972808663231138,0.6250313393170536,0.382342326084995,0.5952722063037249,0.48116981652641744,0.6268813967489464,0.35790679908326967,0.5970470183486238,0.34261335497716394,0.5266364498787814,0.25349416533093755,0.5015207636944018,0.717347303250387,0.5904328323235029,MLP
1.1,0.6618539103221939,0.3492997920189003,0.0004562029537589306,0.5382279385494819,0.6597298284045272,0.4218258132214061,0.5997344839030866,0.2692520775623269,0.38400603545831763,0.23205770876635284,0.34910836762688613,0.6185518695812272,0.7427074651744255,0.4590439770554493,0.6751812966771296,0.5209812629129165,0.65005265005265,0.4048542813317694,0.5909380982769623,0.504069526831287,0.6476520168573149,0.3826075884899414,0.5888067870826491,0.35931051560006605,0.545578159586803,0.2691043298042859,0.4954152149776025,0.7427074651744255,0.6185518695812272,MLP
1.15,0.6579573049919223,0.36513812752223873,3.462532687413743e-05,0.5627009646302251,0.6830960204454181,0.44735921650926896,0.5939682539682539,0.28153277931671283,0.3998491135420596,0.2431837632962465,0.34765496884224334,0.6466709068389516,0.7665793546850815,0.4926195028680688,0.6665803913448597,0.5446579116103446,0.6721656721656721,0.4299377424884959,0.5844778722476565,0.5270382121671955,0.6708308248043348,0.4053985230455819,0.5833006151027352,0.3752201067517746,0.5631179508801518,0.2842244433327548,0.4896610511264688,0.7665793546850815,0.6466709068389516,MLP
1.2000000000000002,0.6536415732734533,0.3808506518778062,0.00021676244576086492,0.5871739907109682,0.7064622124863089,0.4728926197971319,0.5886826893824155,0.29390581717451525,0.4164466239155036,0.25418755349064676,0.3468426013195099,0.6747564690523215,0.7895582807477081,0.5272657743785851,0.6579848191695192,0.5683345603077727,0.6953316953316954,0.4540738067310295,0.5794333946180845,0.5499379224720651,0.6940096327513546,0.4280621339444869,0.5783268531293114,0.3915286413910747,0.5803098977548223,0.3001051567652554,0.483591581462352,0.7895582807477081,0.6747564690523215,MLP
1.25,0.6493487029943406,0.3974427353420029,0.0004433414634414425,0.6116470167917113,0.7272727272727273,0.5008744316194473,0.5817757009345794,0.3060018467220683,0.43228970199924555,0.26506907934955376,0.3458056729028364,0.7034445820640712,0.8125967377068699,0.5632122370936903,0.6495669553630913,0.5920112090052008,0.7181467181467182,0.47852566994496076,0.5745116129808656,0.5728376327769348,0.7155328115593016,0.4521263050674815,0.5724262492474413,0.40784405436636767,0.5979129334879308,0.31579699639608366,0.4783283300165278,0.8125967377068699,0.7034445820640712,MLP
1.3,0.6446468669667442,0.412468461825421,0.00041246637239527467,0.6361200428724545,0.7491785323110625,0.527806925498426,0.5762426284751474,0.3185595567867036,0.4470011316484346,0.27692871989240736,0.34347826086956523,0.7310280186121246,0.834325514942255,0.5983173996175908,0.6417712244711055,0.6156878577026289,0.740109311537883,0.5037444735180006,0.5693126591066883,0.5957373430818044,0.7372065021071643,0.47606315253374076,0.5670950561537571,0.4241560281736642,0.6149151470433224,0.33177469907809165,0.4730116515717865,0.834325514942255,0.7310280186121246,MLP
1.35,0.6395767077495199,0.42864266669807083,0.00013786981584265877,0.6604144337263308,0.7710843373493976,0.5543896467296258,0.5712740059507709,0.3304709141274238,0.45907204828366655,0.288788360435261,0.3400391170718078,0.7591135808254946,0.8557566376949637,0.6349521988527724,0.6339021916479252,0.639364506400057,0.7612194755051898,0.5297302174501489,0.5638673253352152,0.6187060284177128,0.7570740517760385,0.5016552075375604,0.5607580824972129,0.44047144114895725,0.6316327606197956,0.3478953332856895,0.4678742924067929,0.8557566376949637,0.7591135808254946,MLP
1.4,0.6337445005537549,0.4444810022014092,0.0001292306327306858,0.684887459807074,0.7904344651332603,0.583770549143057,0.5646844027125717,0.3427516158818098,0.4718973972086005,0.30089252964910135,0.3370150862068966,0.787232618083219,0.8751637099654721,0.674263862332696,0.6251222519879236,0.6630411550974851,0.780975780975781,0.5569340431291167,0.5578438395415473,0.6415367636915437,0.7754364840457556,0.5282658517952635,0.5539189334480163,0.45681436746822207,0.6476336038789923,0.3644039244913169,0.4625640871208414,0.8751637099654721,0.787232618083219,MLP
1.4500000000000002,0.627815767280708,0.4606125240742906,0.000256848688933541,0.7093604858878171,0.8101496896677619,0.6128016789087093,0.5588013094938302,0.35493998153277934,0.4858543945680875,0.3125076415209683,0.3350676378772112,0.8155525056070699,0.8957614001666865,0.7125047801147227,0.617616878052785,0.6867178037949132,0.7996289424860853,0.5851303798610484,0.5514749109520352,0.664505449027452,0.7959060806742926,0.5533486121721416,0.548889350217978,0.4730988279315468,0.6632128175397913,0.38102992373582173,0.45738648754743316,0.8957614001666865,0.8155525056070699,MLP
1.5,0.6217066826527398,0.47560365658758735,0.0008738452304271333,0.7338335119685602,0.8305951077035414,0.6411332633788038,0.5537974683544303,0.36786703601108034,0.5020746887966805,0.324367282063822,0.3340863453815261,0.8434706925986677,0.9148708179545184,0.7517399617590822,0.6099138786363456,0.7103944524923413,0.8187835330692473,0.6128755752052694,0.5458648124623922,0.6874051593323217,0.8162251655629139,0.5784313725490197,0.5441501103752759,0.4894108017388433,0.6785179719616317,0.3978294826899713,0.4523453146410878,0.9148708179545184,0.8434706925986677,MLP
