model,method,accuracy_mean,accuracy_std,DPD_mean,DPD_std,EOD_mean,EOD_std,OCF_violation_mean,OCF_violation_std,OCF_violation_ratio_spread_mean,OCF_violation_ratio_spread_std,rho_AIAN_NH_mean,rho_AIAN_NH_std,TPR_AIAN_NH_mean,TPR_AIAN_NH_std,FPR_AIAN_NH_mean,FPR_AIAN_NH_std,PPV_AIAN_NH_mean,PPV_AIAN_NH_std,pi_AIAN_NH_mean,pi_AIAN_NH_std,rho_Asian_NH_mean,rho_Asian_NH_std,TPR_Asian_NH_mean,TPR_Asian_NH_std,FPR_Asian_NH_mean,FPR_Asian_NH_std,PPV_Asian_NH_mean,PPV_Asian_NH_std,pi_Asian_NH_mean,pi_Asian_NH_std,rho_Black_NH_mean,rho_Black_NH_std,TPR_Black_NH_mean,TPR_Black_NH_std,FPR_Black_NH_mean,FPR_Black_NH_std,PPV_Black_NH_mean,PPV_Black_NH_std,pi_Black_NH_mean,pi_Black_NH_std,rho_Hispanic_mean,rho_Hispanic_std,TPR_Hispanic_mean,TPR_Hispanic_std,FPR_Hispanic_mean,FPR_Hispanic_std,PPV_Hispanic_mean,PPV_Hispanic_std,pi_Hispanic_mean,pi_Hispanic_std,rho_Other_NH_mean,rho_Other_NH_std,TPR_Other_NH_mean,TPR_Other_NH_std,FPR_Other_NH_mean,FPR_Other_NH_std,PPV_Other_NH_mean,PPV_Other_NH_std,pi_Other_NH_mean,pi_Other_NH_std,rho_White_NH_mean,rho_White_NH_std,TPR_White_NH_mean,TPR_White_NH_std,FPR_White_NH_mean,FPR_White_NH_std,PPV_White_NH_mean,PPV_White_NH_std,pi_White_NH_mean,pi_White_NH_std,auroc_mean,auroc_std,brier_mean,brier_std
LogisticRegression,Calibration,0.6950027036221991,0.0015191898630623714,0.5227910994912625,0.050899310177751164,0.6245319551358856,0.0656284760336954,0.29197847173875113,0.028098482052884708,0.9372757476651735,0.10007841239649033,0.4107333505128129,0.032262801904227756,0.5571687071376953,0.03548128375995514,0.2933547965473303,0.032341775992423584,0.6056913760846175,0.014648129450577486,0.44619702945955214,0.01789322039615248,0.02821682143281167,0.017602257439418834,0.06484644052513362,0.03981140626799841,0.015921166246795022,0.009848131027558986,0.5878152988757444,0.0439912586952853,0.24564588764255654,0.009685059172654276,0.5510079209240742,0.039796388607078736,0.689378395661019,0.03528456017315571,0.3926822936619763,0.04616192443549238,0.6686359411443468,0.018893020576597457,0.5334963797757105,0.004502957275040917,0.413055021389115,0.02542296880149706,0.5312347235898844,0.026515404719192753,0.31209481556577373,0.024633419774816194,0.592758294575844,0.010954548581976394,0.46053522864678975,0.004712795665117656,0.3363843766010817,0.07039288199893412,0.47513144372657745,0.09062728019946954,0.22848730970564662,0.05473508085706137,0.6198919740327274,0.022676124145174448,0.4364352161264919,0.007186819931606154,0.13818206453233145,0.014512430926857271,0.25903819527245703,0.023816615064521082,0.08345920083480293,0.010232361051078023,0.5850614581887945,0.007837510419766073,0.31165284612690103,0.0007313789896311914,0.6954387492231884,0.002621464242107602,0.20269822495783107,0.0006037123256094427
LogisticRegression,DP,0.6643776397428839,0.0018092275925099253,0.0005961107131950861,0.0002000830523956576,0.09956381439309898,0.012555206081251219,0.24159834320126677,0.01106859295466824,0.7683800135826637,0.05961577077911056,0.34856515306602015,0.00029053151009105795,0.4791253234593197,0.013428108477330804,0.24370452985303576,0.007479162808424605,0.6128355796488808,0.01660924307819353,0.44619702945955214,0.01789322039615248,0.34873496419482325,0.00025475173092414917,0.48764899312521715,0.013685257604996988,0.3033808315016211,0.005450260630997249,0.3436360159266051,0.01909816292749462,0.24564588764255654,0.009685059172654276,0.3485925169893758,7.517675829623449e-05,0.47431566409993,0.006699285412726105,0.2047307249434564,0.009039188713374582,0.7259424677924537,0.013954637628898474,0.5334963797757105,0.004502957275040917,0.34855848586102034,4.798818124595368e-05,0.4562487660839857,0.005186706438797785,0.2565709059498588,0.0054258240929324665,0.6028536229031138,0.011100135489241249,0.46053522864678975,0.004712795665117656,0.34871027261361853,0.0003752471097318024,0.4839726383561354,0.014254701382238354,0.24371042853256206,0.012963539674474151,0.6059095846386102,0.02527640945926774,0.4364352161264919,0.007186819931606154,0.3485391009982858,1.0829903689711313e-05,0.5433857985889239,0.002953757145178729,0.2603219402499334,0.0013100907304872107,0.4858773422237334,0.002634251394395295,0.31165284612690103,0.0007313789896311914,0.6954387492231884,0.002621464242107602,0.20269822495783107,0.0006037123256094427
LogisticRegression,EO,0.6225771801778841,0.02362386577493979,0.10287387476973257,0.017013464038664546,0.0853890490966775,0.030435786484303957,0.2581093148970891,0.05901854621765416,0.8285260510017023,0.18523180190753552,0.5227650986561373,0.06869094781983268,0.6627933183997406,0.07654553995648186,0.4105440496579401,0.06883537325563939,0.5671633687377142,0.02647315152815272,0.44619702945955214,0.01789322039615248,0.45949754444253194,0.07434591378710308,0.6202089604104339,0.08336815487245919,0.40708656511288777,0.07145032411922048,0.33333085905755366,0.018175179913695758,0.24564588764255654,0.009685059172654276,0.5623714192122646,0.060863133581182026,0.6978479850038454,0.05378719407847639,0.4073485203790854,0.0699848458596223,0.6644613858783326,0.024732005403815344,0.5334963797757105,0.004502957275040917,0.5091800438184395,0.07838943091426205,0.6290706345675174,0.08540192273276107,0.4067810335615043,0.0713532189380271,0.5706624639045861,0.008869640089551616,0.46053522864678975,0.004712795665117656,0.5208955442649654,0.060952054044745366,0.6687078286467578,0.05434732046086133,0.40622957992091013,0.06882798063557456,0.5631195085664614,0.02996166682107335,0.4364352161264919,0.007186819931606154,0.4946581352260967,0.06782203658318361,0.6876035233777392,0.062238121110299756,0.40729641728213084,0.07041515118109137,0.4362638400789075,0.022299514225952912,0.31165284612690103,0.0007313789896311914,0.6954387492231884,0.002621464242107602,0.20269822495783107,0.0006037123256094427
LogisticRegression,OCF,0.6744876401296696,0.0023814381737714946,0.2876406749824171,0.01359171007264172,0.2996238124354707,0.022445836775004016,0.0004925871493415637,0.0006428255589285669,0.0014415196232857586,0.002106396603192114,0.44619702945955214,0.01789322039615248,0.5863458545112018,0.003121716333470039,0.33412276074943964,0.025849743856893485,0.5863458545112018,0.003121716333470039,0.44619702945955214,0.01789322039615248,0.24592418077799255,0.009719482673230972,0.36944032827568574,0.016282133258073556,0.20558217705961415,0.006265902154419494,0.3690298244563074,0.016405530225098046,0.24564588764255654,0.009685059172654276,0.5335648557604097,0.004539974322172297,0.6690641407111564,0.007139888720901961,0.37853818906099657,0.0034036174043690207,0.6689785255548877,0.0071259759652776665,0.5334963797757105,0.004502957275040917,0.460587791064661,0.004636147765112022,0.5790953577707507,0.008658543055862361,0.3593661374804034,0.004581909007274615,0.5790296036549121,0.008744988964001405,0.46053522864678975,0.004712795665117656,0.4364352161264919,0.007186819931606154,0.5791580413873791,0.021216483063001463,0.3256202916310911,0.009896541761105106,0.5791580413873791,0.021216483063001463,0.4364352161264919,0.007186819931606154,0.31174441396455144,0.000683500112249494,0.49987676006818554,0.003204707660589171,0.2265652158980799,0.0013291022817812888,0.4997299489565143,0.0032337894788170645,0.31165284612690103,0.0007313789896311914,0.6954387492231884,0.002621464242107602,0.20269822495783107,0.0006037123256094427
LogisticRegression,Unmitigated,0.6718818090827512,0.00213966806466329,0.18792519829630377,0.0034732390789299662,0.21593608295289674,0.00981950731623671,0.3608319684429934,0.016362029026667058,1.1474909980825205,0.08760365572544186,0.42196554708799655,0.011365174078948286,0.5599174837504114,0.019162645284694704,0.3113567902339751,0.00976869616088246,0.5915439111443351,0.008602347676974308,0.44619702945955214,0.01789322039615248,0.4860064081745623,0.0063495942670079375,0.6331137808918483,0.011375190785950482,0.43808225616913116,0.008860872149368348,0.3200278062732068,0.013826989131562223,0.24564588764255654,0.009685059172654276,0.4451431861545355,0.004670907414954392,0.5824781660148545,0.008802183217026806,0.28799894732759973,0.008127711233880596,0.698106824349994,0.010779528365024773,0.5334963797757105,0.004502957275040917,0.49371352661871554,0.0034492168386431547,0.6144931032323588,0.007754956700145162,0.3905645971483252,0.004481944485411267,0.5731966156679975,0.008263504353044963,0.46053522864678975,0.004712795665117656,0.4523434236442473,0.005815485839965183,0.5961718248746315,0.01509265816719629,0.3406437833347504,0.017943583515394775,0.5754973807082211,0.02415937994700134,0.4364352161264919,0.007186819931606154,0.3068966777388137,0.0009330108744051338,0.4940833022940413,0.002725458709546821,0.22214617321623437,0.0015947162244735434,0.5017432969057888,0.0030994259129657835,0.31165284612690103,0.0007313789896311914,0.6954387492231884,0.002621464242107602,0.20269822495783107,0.0006037123256094427
MLP,Calibration,0.6984022947679243,0.0017273405906300004,0.5185261266001125,0.02876314013141997,0.6327769652740983,0.04320591969043571,0.2927475646907055,0.03494069676168224,0.9393837605890336,0.07990369757701608,0.40979143778467436,0.06544418089994461,0.552284888287422,0.06694810366779033,0.29535174576657786,0.06230207036542361,0.6045671239407203,0.020114239531221063,0.44619702945955214,0.01789322039615248,0.019933092137435122,0.014688692723034443,0.05031522377422729,0.03427081715167774,0.010162326937105113,0.008849869266392725,0.7173834740067738,0.1563579669933258,0.24564588764255654,0.009685059172654276,0.5384592187375477,0.016114354901598245,0.6830921890483257,0.013230209350773917,0.3729275698493784,0.024107080027971992,0.6771185580945902,0.0150012407603497,0.5334963797757105,0.004502957275040917,0.4105525245246987,0.026047916177341028,0.5440555355387688,0.028404444341449592,0.2965253967493842,0.02619348850270375,0.610848927164554,0.01513220357253537,0.46053522864678975,0.004712795665117656,0.3695488417356716,0.05436364345511672,0.5158464136421431,0.07014410224727487,0.25586789919647906,0.040603572645439824,0.6104211854913688,0.013011088518868247,0.4364352161264919,0.007186819931606154,0.1392337329306139,0.008889857376184326,0.263940488851184,0.014308218822530085,0.08276735939776306,0.0063879837011897355,0.5911480267280309,0.005870431308576395,0.31165284612690103,0.0007313789896311914,0.7041707340792698,0.0025811362515874596,0.20051243031817814,0.0006615768140839825
MLP,DP,0.6689156470627197,0.0021985751976624657,0.0006600033699153296,0.00045316855305719433,0.09988273967727225,0.011420633761521885,0.24193187764867458,0.011915664635898082,0.7695241172580178,0.06237897128441598,0.34856515306602015,0.00029053151009105795,0.4737415990438924,0.013892631432432623,0.24813148041533636,0.00684787327688121,0.6058718493816597,0.014313193465034891,0.44619702945955214,0.01789322039615248,0.34902292523772055,0.00040963268781634354,0.4931839666452661,0.002348017694420625,0.3020278978964176,0.0032788429033174457,0.34714557029651094,0.014646498590837751,0.24564588764255654,0.009685059172654276,0.3486609231526737,0.00018604839817245686,0.47667480102298104,0.00682448712093652,0.20214515821914542,0.00973185418433354,0.7294310582509452,0.015175725669009325,0.5334963797757105,0.004502957275040917,0.34855848586102034,4.798818124595368e-05,0.46994456573981136,0.00579490462362356,0.24483800322950605,0.006612440011772479,0.6209814079627037,0.013348645770308344,0.46053522864678975,0.004712795665117656,0.34857021659120957,0.00012219038776159111,0.48816262981575564,0.012148251328218004,0.24026607875067157,0.011632624057910764,0.611361015322158,0.02269130599865382,0.4364352161264919,0.007186819931606154,0.3485566975306163,2.1141851644221036e-05,0.5498098728333567,0.003700690626120006,0.2574365735045193,0.0017601630510376241,0.49159983592946876,0.0037385673902136157,0.31165284612690103,0.0007313789896311914,0.7041707340792698,0.0025811362515874596,0.20051243031817814,0.0006615768140839825
MLP,EO,0.6322825332875256,0.01286273996859796,0.10889452071907457,0.013317409036956135,0.08993232355041655,0.025221336498012864,0.24653942302949045,0.04029122689899962,0.7868047339055877,0.14243362630743578,0.5077965601662786,0.04237041796782675,0.6511929891505057,0.0554311323187792,0.39277153815043203,0.039584026587257896,0.5721346863169076,0.020728189046787217,0.44619702945955214,0.01789322039615248,0.44822290626155076,0.04100728580627704,0.6132287957785453,0.04900158179823551,0.3945130613489755,0.03938245429038785,0.33651211333322467,0.014596499672530043,0.24564588764255654,0.009685059172654276,0.5571174269806254,0.032519369498256456,0.7002388114787057,0.028674041042181624,0.3933252721961524,0.03871086304590991,0.6713344441096241,0.016809643331106183,0.5334963797757105,0.004502957275040917,0.5076020433870942,0.04271631240887601,0.640692291155786,0.04585899491593385,0.39395241013572224,0.03930029425068759,0.5819193806366246,0.008012943419373548,0.46053522864678975,0.004712795665117656,0.5125399187852953,0.039807703823745065,0.6638380910897725,0.04437404534280897,0.3951718797674414,0.040706753786104645,0.5660917819095762,0.02155933248662798,0.4364352161264919,0.007186819931606154,0.48657073661065064,0.03813439645187224,0.6907114786631394,0.035832825057154884,0.3941456048761946,0.03905368164779704,0.4433762692237037,0.012177821219432125,0.31165284612690103,0.0007313789896311914,0.7041707340792698,0.0025811362515874596,0.20051243031817814,0.0006615768140839825
MLP,OCF,0.6794199221744087,0.0023381665831711225,0.28766352144285245,0.013544626039821667,0.3074090213400632,0.028418964908515677,0.00024015610541457526,0.0002941841563607641,0.0007680372667602687,0.0009409384419255943,0.44619702945955214,0.01789322039615248,0.5857593379351386,0.00913786805510851,0.33425140503507966,0.02134508467962535,0.5857593379351386,0.00913786805510851,0.44619702945955214,0.01789322039615248,0.24583285833285812,0.009645714025560085,0.36835534024395705,0.02178921451051161,0.20570654297954682,0.0038582610250641664,0.36807538103393506,0.02182782971224379,0.24564588764255654,0.009685059172654276,0.5334963797757105,0.004502957275040917,0.6757643615840203,0.009201685140324604,0.3706967968697796,0.005673207121416583,0.6757643615840203,0.009201685140324604,0.5334963797757105,0.004502957275040917,0.46058668595059915,0.004699195461928957,0.5931730171671874,0.008942690962158821,0.347343061187261,0.004641963594811953,0.5931064382252985,0.0089339381448248,0.46053522864678975,0.004712795665117656,0.4364352161264919,0.007186819931606154,0.5848620676481869,0.020055289916144237,0.3212568026391741,0.010332695366459706,0.5848620676481869,0.020055289916144237,0.4364352161264919,0.007186819931606154,0.31165284612690103,0.0007313789896311914,0.5060117111437374,0.002656240315406396,0.2236548834570468,0.0011137475286099178,0.5060117111437374,0.002656240315406396,0.31165284612690103,0.0007313789896311914,0.7041707340792698,0.0025811362515874596,0.20051243031817814,0.0006615768140839825
MLP,Unmitigated,0.6768532560955431,0.0024964699600005854,0.18461662045147012,0.009913103647682706,0.20010937981921603,0.011160901485864239,0.3302454057872529,0.015117315033096391,1.0492603253631425,0.06617827269222278,0.4319241394761339,0.014546710091820023,0.5679036752671598,0.022152918470283972,0.32306055237731457,0.01588202727767387,0.5861741202708565,0.008356983075949533,0.44619702945955214,0.01789322039615248,0.4695444550880296,0.012773507790299461,0.6263099251023502,0.018890450241708427,0.41848619477683585,0.010485730424718924,0.3275894191168648,0.01177375961348568,0.24564588764255654,0.009685059172654276,0.46117873751450544,0.00839032483848541,0.6014970946513262,0.013931197183511936,0.3005750980190016,0.009269030407789848,0.6958260634632306,0.012074081024638798,0.5334963797757105,0.004502957275040917,0.49033706924505027,0.009082232750684436,0.6238993761499192,0.007734434048868717,0.37626084506553636,0.011399462560490223,0.5860760063826786,0.00909703314186524,0.46053522864678975,0.004712795665117656,0.4604918494727491,0.003003317929145013,0.6093852149585939,0.016982632094206588,0.34493443138113716,0.016288666649897074,0.5777172322304333,0.023074706334400643,0.4364352161264919,0.007186819931606154,0.3057204487935802,0.0011271754013451132,0.49863432303266847,0.003503728371950351,0.21837681495761982,0.0011257443447264676,0.5083074537617163,0.002815699712319308,0.31165284612690103,0.0007313789896311914,0.7041707340792698,0.0025811362515874596,0.20051243031817814,0.0006615768140839825
RandomForest,Calibration,0.69794274940271,0.0014632874762792924,0.5335861590636803,0.06781801636985883,0.6429269214963319,0.06680969433943028,0.30717582123676807,0.06053948956575623,0.9897484185317899,0.19979475378447037,0.4341848068365334,0.1356556895520556,0.5753729527991913,0.1292557649267579,0.3207869697475731,0.13464233526076128,0.604222023270306,0.028281563251769646,0.44619702945955214,0.01789322039615248,0.020596788829512887,0.014638587267095701,0.05186832986213963,0.030504235049579775,0.010323467834549582,0.009456097393978954,0.6730028592097558,0.09845017423374293,0.24564588764255654,0.009685059172654276,0.5212144055803887,0.013642471259607405,0.668698159383744,0.01062105758221938,0.3524288695153676,0.02066668072935484,0.6847142783323696,0.013660399005618665,0.5334963797757105,0.004502957275040917,0.37160122671325146,0.012826039703306336,0.49741050266491343,0.013123827258332535,0.26416007112162887,0.013888414677959083,0.6166670635262497,0.01077352842140603,0.46053522864678975,0.004712795665117656,0.3570104426290181,0.032989001299790884,0.5019810589028391,0.03151286289965156,0.24456087873973154,0.038461448754742056,0.6159135238516698,0.032080790773121905,0.4364352161264919,0.007186819931606154,0.14081506123275814,0.010212515660502052,0.26609644955870293,0.017432990837167227,0.08409952105632013,0.007134959029399188,0.5892589055538182,0.006517448488563441,0.31165284612690103,0.0007313789896311914,0.7028987903737939,0.0022188536229350965,0.20104145160381712,0.0004837966686374546
RandomForest,DP,0.6679260635553426,0.0013960403239116838,0.0004767444446025615,0.00012268746624858527,0.09986430951597361,0.015708287887789028,0.2414667679574619,0.01121283175724698,0.7679759869056861,0.060024322903055254,0.34856515306602015,0.00029053151009105795,0.4774584948899701,0.014421032055892017,0.2452721953534905,0.005990093250148006,0.6105112114302089,0.00980685583506654,0.44619702945955214,0.01789322039615248,0.3486462330501915,0.00014658193291840443,0.49438068179281325,0.015389707691169423,0.3009319794666431,0.006918379814894872,0.3486917890832549,0.023410601015597207,0.24564588764255654,0.009685059172654276,0.34862666999484027,0.00013344772224155473,0.47755988544396094,0.008011426521952771,0.2010676699506695,0.01064956459354871,0.730849925731637,0.016167010592208438,0.5334963797757105,0.004502957275040917,0.34863765197792235,0.00018199419267056217,0.46967070481381634,0.0037333398466085055,0.24525340574107002,0.00457196927465094,0.6204485451218423,0.010291705544607017,0.46053522864678975,0.004712795665117656,0.34863826694847394,0.00011275576108194459,0.4862868552142666,0.012331581661697235,0.24184676082851625,0.011492248843633868,0.6088870401282906,0.02252745755339553,0.4364352161264919,0.007186819931606154,0.34853557912748767,1.2118308401197993e-05,0.5474869297469234,0.0017729914508660468,0.2584598772566495,0.0007480498429088848,0.489549502451912,0.001609659738633769,0.31165284612690103,0.0007313789896311914,0.7028987903737939,0.0022188536229350965,0.20104145160381712,0.0004837966686374546
RandomForest,EO,0.6263814863675854,0.026045638129535455,0.10726124260977002,0.012016380222823003,0.08637756853362857,0.027123404408631875,0.2564684162874067,0.0691258659097418,0.8257153632588394,0.24242024875454454,0.5179648120828672,0.07610124145156719,0.6565094821508575,0.08128974388327793,0.40696523804905527,0.07540428716698673,0.567280654582639,0.022040812105000494,0.44619702945955214,0.01789322039615248,0.45890181702725685,0.07410816075600277,0.6225927656079256,0.07854671361682428,0.4056230954856625,0.07492445563725135,0.33546865191942954,0.022484599137459406,0.24564588764255654,0.009685059172654276,0.566163059637027,0.06747373810885296,0.7073530611365456,0.06006310079237877,0.4046924414528993,0.07569715362338619,0.6691511184380061,0.022872407908084102,0.5334963797757105,0.004502957275040917,0.5141935113982271,0.07515157050007887,0.6418286548644002,0.07454781823330492,0.40518785925475764,0.07568289010978645,0.5773199999501095,0.018087312818567222,0.46053522864678975,0.004712795665117656,0.5197711793143036,0.07432106226625954,0.6663349457901783,0.07411768619209996,0.40615349655179644,0.07543443479786956,0.5621536422434483,0.024989996537674256,0.4364352161264919,0.007186819931606154,0.49555925949049895,0.07195621210295261,0.6948145851946865,0.06465832200932282,0.4053426682020508,0.07525107798014811,0.4402250648783569,0.022486373098644152,0.31165284612690103,0.0007313789896311914,0.7028987903737939,0.0022188536229350965,0.20104145160381712,0.0004837966686374546
RandomForest,OCF,0.6778167322603528,0.002058888453237154,0.2869966729719269,0.014202003230004595,0.3116696798398894,0.028594980404852765,0.0013328222791274887,0.0012455894573313744,0.004036666801011402,0.003956154452263373,0.4463597633895765,0.01777460208485129,0.5827039902284288,0.00601220963450133,0.33737044861809445,0.0265215453158834,0.5824853385335256,0.006027991762475636,0.44619702945955214,0.01789322039615248,0.24656729720594656,0.010312709129378522,0.3660901039097809,0.02142037183556712,0.20743893984089024,0.005317661529119862,0.3647198131375749,0.02068650763827237,0.24564588764255654,0.009685059172654276,0.5335639701778734,0.004417348721976082,0.6777597837496704,0.008463544206731819,0.36856135027955683,0.00450653054414808,0.6776746963337242,0.008595071510433148,0.5334963797757105,0.004502957275040917,0.4605608828284214,0.004705855138238597,0.5887445444320244,0.007373581366856397,0.3510776406547594,0.0021275959040487975,0.5887115958626818,0.007368513763389378,0.46053522864678975,0.004712795665117656,0.4364352161264919,0.007186819931606154,0.5839762626535807,0.01940244027209481,0.3219184023101063,0.008571374734937272,0.5839762626535807,0.01940244027209481,0.4364352161264919,0.007186819931606154,0.3116809960063118,0.0007596143704197385,0.503414216206387,0.0024527499405293286,0.22487213950325438,0.0010795158474776558,0.5033687297150864,0.0024259912514048303,0.31165284612690103,0.0007313789896311914,0.7028987903737939,0.0022188536229350965,0.20104145160381712,0.0004837966686374546
RandomForest,Unmitigated,0.6749967967133118,0.0018247864946686271,0.21923139854863843,0.006932658655022476,0.22627558935635098,0.012403953620914024,0.37030382524487904,0.016977203969637672,1.1775009398146914,0.08779763719892955,0.43254076713530615,0.016938661552918777,0.5682970240110796,0.030749943515103288,0.3240957896598927,0.015915183579788866,0.5854114565182327,0.005961844372616649,0.44619702945955214,0.01789322039615248,0.49245199133813433,0.007163170066948703,0.6434041922993633,0.016222092734408944,0.4432866553093631,0.011182008508632909,0.3209871514569743,0.015164907196578684,0.24564588764255654,0.009685059172654276,0.44316630738949864,0.005791465456880336,0.5864810174677068,0.012096795947798302,0.27913383630147504,0.008551194801531613,0.7060210189873566,0.012632504145373062,0.5334963797757105,0.004502957275040917,0.5218679244785132,0.00573580605516315,0.6507603563863303,0.005220625280797183,0.41177846668863616,0.008026495833573354,0.574325894578245,0.00834009165952455,0.46053522864678975,0.004712795665117656,0.4576568836007021,0.007246322361860037,0.6060147747585235,0.008759066843116817,0.3425403668789005,0.017392458894088296,0.5782156389068237,0.0206720771240841,0.4364352161264919,0.007186819931606154,0.3026365259298748,0.0012621443892575739,0.4917564015443495,0.0027901123431698593,0.21701106595301214,0.0015396287546960467,0.506409128356373,0.0026923483763714156,0.31165284612690103,0.0007313789896311914,0.7028987903737939,0.0022188536229350965,0.20104145160381712,0.0004837966686374546
XGBoost,Calibration,0.698705178249739,0.0015926054430129173,0.537064364552249,0.032815042726637635,0.6502814425634843,0.04171064260128238,0.30324075222324637,0.03488602300193882,0.9763163297739974,0.125619510429487,0.4406368650700223,0.04844161840252409,0.5870444325003932,0.053529897470613645,0.3232904559341922,0.0470721426847771,0.5953331504269036,0.016981267095233333,0.44619702945955214,0.01789322039615248,0.02353163324807428,0.013220131135379051,0.05329318412711302,0.02939680576644778,0.013797575383810493,0.007958078794204139,0.5501258163401306,0.02963055743885864,0.24564588764255654,0.009685059172654276,0.5605959978003233,0.02656626926973411,0.7035746266905972,0.020761347673388005,0.3969720527096087,0.03567064288368083,0.6702084514228173,0.01674380092456531,0.5334963797757105,0.004502957275040917,0.40366286278965385,0.04246013490214924,0.5364296236961069,0.04738114907378129,0.29025869441062924,0.03866334670593986,0.6133391009305487,0.015307070478616831,0.46053522864678975,0.004712795665117656,0.3617555396809685,0.07436926388011653,0.5113113540040556,0.088019562666374,0.245671241120132,0.06475270854092435,0.6238354939038453,0.03854713860543352,0.4364352161264919,0.007186819931606154,0.14171746034145122,0.009115332051794645,0.2685186801846789,0.01427691353049646,0.08430042300160509,0.006689557272856944,0.5909128561643839,0.006452510562386804,0.31165284612690103,0.0007313789896311914,0.7048741689043447,0.0024386741868130373,0.20031325111240209,0.0006074981990182356
XGBoost,DP,0.6689809263272805,0.002353331105867206,0.0003722102294875018,5.153162880228571e-05,0.10145842999233827,0.01166573602502603,0.24150475191962525,0.011269302072135652,0.7681026092545307,0.060219519633953715,0.34856515306602015,0.00029053151009105795,0.46876348782476,0.017897608601184913,0.2524306365481702,0.00968369991871615,0.5992671915016977,0.011937941706940458,0.44619702945955214,0.01789322039615248,0.3486462330501915,0.00014658193291840443,0.4946559234291901,0.00537598093764183,0.3010682117000335,0.0030689866994691186,0.34851725577175285,0.014326966933387135,0.24564588764255654,0.009685059172654276,0.34855836398391127,5.316218263441606e-05,0.47666371530522467,0.008770527201631295,0.2019415476386197,0.0115993924799609,0.7296271841586528,0.017309622474378738,0.5334963797757105,0.004502957275040917,0.3485848745666543,8.369565182553087e-05,0.4711320732297133,0.004363446552281148,0.2438909604861003,0.005360204820375717,0.6224876722361302,0.01154711738067296,0.46053522864678975,0.004712795665117656,0.34863826694847394,0.00011275576108194459,0.49053398347568455,0.012337478167258314,0.23855479804085084,0.011688369729183832,0.614204778222182,0.022721610488988183,0.4364352161264919,0.007186819931606154,0.34857081117380645,7.935346751344324e-05,0.5496561920889711,0.0031405509702976874,0.25752932571598486,0.001429887784943799,0.4914393315263392,0.0027836691123463648,0.31165284612690103,0.0007313789896311914,0.7048741689043447,0.0024386741868130373,0.20031325111240209,0.0006074981990182356
XGBoost,EO,0.6281466856089597,0.01972817596403045,0.1072442435905268,0.015324231950168207,0.08604265268476,0.029827985954986785,0.2558612626074704,0.050451156292806706,0.8180900663150681,0.16531530647316764,0.5191839124330138,0.055000819215489376,0.6612024935192682,0.059584727745332314,0.40534621017560984,0.05750692933204723,0.5690607216895884,0.023227375961560437,0.44619702945955214,0.01789322039615248,0.4602013104676888,0.058771999980034656,0.6245288037824092,0.06902547383662382,0.406683230895925,0.05563229683110152,0.3340165502154786,0.013545268894051348,0.24564588764255654,0.009685059172654276,0.5674455540582156,0.04617196799006416,0.7081516910595365,0.03824137224502788,0.40641710085779914,0.056400818020684675,0.6672343808728323,0.02027175811031054,0.5334963797757105,0.004502957275040917,0.5208224990314512,0.05724293484432007,0.6558355554504136,0.05914092747167912,0.40549289759590296,0.05533048680401229,0.5810841331599343,0.011949684788318031,0.46053522864678975,0.004712795665117656,0.526381757705588,0.050624716350526344,0.6839607339633209,0.04780345546095998,0.4041056009774315,0.05790507867667595,0.5687921537957612,0.026729300502447453,0.4364352161264919,0.007186819931606154,0.4977292453673864,0.053611966881384976,0.7000091627062706,0.04778260259173525,0.40615267246882647,0.05603327721468511,0.4400097817030993,0.015412964799563875,0.31165284612690103,0.0007313789896311914,0.7048741689043447,0.0024386741868130373,0.20031325111240209,0.0006074981990182356
XGBoost,OCF,0.6794616989607147,0.0022907364112132343,0.2874192218064576,0.013334634783479904,0.30949929896233674,0.021531592814989314,0.0005836075368115592,0.0006376492257219686,0.0019541008617208976,0.0022347759963921962,0.44619702945955214,0.01789322039615248,0.5868641765262002,0.010749902168663679,0.3333905443923316,0.022576903794174447,0.5868641765262002,0.010749902168663679,0.44619702945955214,0.01789322039615248,0.24611131097471745,0.009358266533491073,0.36505536196480837,0.01429432451031273,0.20729350669368968,0.00635585544855748,0.36435541530944227,0.014543889420609944,0.24564588764255654,0.009685059172654276,0.5335305327811751,0.0045483770760509626,0.6745546609271452,0.009188466867043532,0.3721494756137667,0.005236257516971883,0.6745113248289567,0.009140854415171899,0.5334963797757105,0.004502957275040917,0.46053522864678975,0.004712795665117656,0.594724517277408,0.007929910759696535,0.34591826486441857,0.0025716063049605587,0.594724517277408,0.007929910759696535,0.46053522864678975,0.004712795665117656,0.4364352161264919,0.007186819931606154,0.5870813059584264,0.020312576969157153,0.31953236016871445,0.010471185772578174,0.5870813059584264,0.020312576969157153,0.4364352161264919,0.007186819931606154,0.31170917622629846,0.0006952700643186993,0.5060362128329299,0.0025094090998445165,0.22372680200249526,0.0012590637236621458,0.5059446967240179,0.002522415653305868,0.31165284612690103,0.0007313789896311914,0.7048741689043447,0.0024386741868130373,0.20031325111240209,0.0006074981990182356
XGBoost,Unmitigated,0.6774955763112356,0.0022349573166898606,0.18200679482517504,0.006688888017714689,0.19923954986477962,0.008405635758294363,0.32505844206584317,0.01627135415521037,1.033898296841944,0.08364550787014975,0.43342425905156556,0.012486404501786117,0.5723596558103141,0.024789003516139527,0.3219420158006967,0.006657767492285549,0.5885965564193112,0.012322623854780935,0.44619702945955214,0.01789322039615248,0.46779092980454784,0.004052096597391989,0.6221742987191687,0.006194534934707988,0.41747835699882757,0.007079812434179692,0.3267603592420588,0.01402276623380397,0.24564588764255654,0.009685059172654276,0.46609586859560864,0.004615480676797422,0.6077052085306132,0.010879197661200981,0.3039880706971678,0.012204427456786645,0.6956366504290022,0.014697367891770065,0.5334963797757105,0.004502957275040917,0.4876819587782425,0.0056919811985943845,0.6236133441944611,0.006361624345529189,0.3715653069710135,0.008805070249988247,0.5889637695376588,0.009970029936305164,0.46053522864678975,0.004712795665117656,0.46131534286013504,0.0055858328626085816,0.6145162202482221,0.01592568935875656,0.34242695472830625,0.01525509610379536,0.5815374164847282,0.021432361990600748,0.4364352161264919,0.007186819931606154,0.3056751639530675,0.001225201940597016,0.49879704855522766,0.0022231165730602315,0.21823880713404792,0.00172223472944233,0.5085552326645276,0.0025135435519743547,0.31165284612690103,0.0007313789896311914,0.7048741689043447,0.0024386741868130373,0.20031325111240209,0.0006074981990182356
